[12Jul2026 13:58:35.680] [main/INFO] [cpw.mods.modlauncher.Launcher/MODLAUNCHER]: ModLauncher running: args [--launchTarget, forgeclientdev, --version, 21.1.190, --assetIndex, 17, --assetsDir, C:\\Users\\barte\\.mcreator\\gradle\\caches\\neoformruntime\\assets, --gameDir, ., --fml.fmlVersion, 4.0.41, --fml.mcVersion, 1.21.1, --fml.neoForgeVersion, 21.1.190, --fml.neoFormVersion, 20240808.144430]
[12Jul2026 13:58:35.684] [main/INFO] [cpw.mods.modlauncher.Launcher/MODLAUNCHER]: JVM identified as JetBrains s.r.o. OpenJDK 64-Bit Server VM 21.0.10+1-b1163.105
[12Jul2026 13:58:35.686] [main/INFO] [cpw.mods.modlauncher.Launcher/MODLAUNCHER]: ModLauncher 11.0.5+main.901c6ea8 starting: java version 21.0.10 by JetBrains s.r.o.; OS Windows 11 arch amd64 version 10.0
[12Jul2026 13:58:35.718] [main/DEBUG] [cpw.mods.modlauncher.LaunchServiceHandler/MODLAUNCHER]: Found launch services [minecraft,forgeclient,forgedatauserdev,testharness,forgeserverdev,forgeserveruserdev,forgejunitdev,forgeclientdev,forgeclientuserdev,forgeserver,forgejunituserdev,forgedatadev]
[12Jul2026 13:58:35.744] [main/DEBUG] [cpw.mods.modlauncher.LaunchPluginHandler/MODLAUNCHER]: Found launch plugins: [mixin,slf4jfixer,runtime_enum_extender,accesstransformer,runtimedistcleaner]
[12Jul2026 13:58:35.753] [main/DEBUG] [cpw.mods.modlauncher.TransformationServicesHandler/MODLAUNCHER]: Discovering transformation services
[12Jul2026 13:58:35.758] [main/DEBUG] [net.neoforged.fml.loading.FMLPaths/CORE]: Path GAMEDIR is C:\Users\barte\MCreatorWorkspaces\masterchef_restaurant\run
[12Jul2026 13:58:35.758] [main/DEBUG] [net.neoforged.fml.loading.FMLPaths/CORE]: Path MODSDIR is C:\Users\barte\MCreatorWorkspaces\masterchef_restaurant\run\mods
[12Jul2026 13:58:35.759] [main/DEBUG] [net.neoforged.fml.loading.FMLPaths/CORE]: Path CONFIGDIR is C:\Users\barte\MCreatorWorkspaces\masterchef_restaurant\run\config
[12Jul2026 13:58:35.759] [main/DEBUG] [net.neoforged.fml.loading.FMLPaths/CORE]: Path FMLCONFIG is C:\Users\barte\MCreatorWorkspaces\masterchef_restaurant\run\config\fml.toml
[12Jul2026 13:58:35.817] [main/DEBUG] [net.neoforged.fml.loading.targets.CommonLaunchHandler/CORE]: Got mod coordinates mcreator%%C:\Users\barte\MCreatorWorkspaces\masterchef_restaurant\build\classes\java\main;mcreator%%C:\Users\barte\MCreatorWorkspaces\masterchef_restaurant\build\resources\main from env
[12Jul2026 13:58:35.819] [main/DEBUG] [net.neoforged.fml.loading.targets.CommonLaunchHandler/CORE]: Found supplied mod coordinates [{mcreator=[C:\Users\barte\MCreatorWorkspaces\masterchef_restaurant\build\classes\java\main, C:\Users\barte\MCreatorWorkspaces\masterchef_restaurant\build\resources\main]}]
[12Jul2026 13:58:35.822] [main/DEBUG] [cpw.mods.modlauncher.TransformationServicesHandler/MODLAUNCHER]: Found additional transformation services from discovery services: 
[12Jul2026 13:58:35.831] [main/INFO] [net.neoforged.fml.loading.ImmediateWindowHandler/]: Loading ImmediateWindowProvider fmlearlywindow
[12Jul2026 13:58:35.982] [main/INFO] [EARLYDISPLAY/]: Trying GL version 4.6
[12Jul2026 13:58:36.069] [main/INFO] [EARLYDISPLAY/]: Requested GL version 4.6 got version 4.6
[12Jul2026 13:58:36.134] [main/DEBUG] [cpw.mods.modlauncher.TransformationServicesHandler/MODLAUNCHER]: Found transformer services : [mixin,fml]
[12Jul2026 13:58:36.134] [main/DEBUG] [cpw.mods.modlauncher.TransformationServicesHandler/MODLAUNCHER]: Transformation services loading
[12Jul2026 13:58:36.135] [main/DEBUG] [cpw.mods.modlauncher.TransformationServiceDecorator/MODLAUNCHER]: Loading service mixin
[12Jul2026 13:58:36.136] [main/DEBUG] [cpw.mods.modlauncher.TransformationServiceDecorator/MODLAUNCHER]: Loaded service mixin
[12Jul2026 13:58:36.136] [main/DEBUG] [cpw.mods.modlauncher.TransformationServiceDecorator/MODLAUNCHER]: Loading service fml
[12Jul2026 13:58:36.137] [main/DEBUG] [net.neoforged.fml.loading.FMLLoader/CORE]: FML 4.0.41 loading
[12Jul2026 13:58:36.138] [main/DEBUG] [net.neoforged.fml.loading.FMLLoader/CORE]: FML found ModLauncher version : 11.0.5+main.901c6ea8
[12Jul2026 13:58:36.138] [main/DEBUG] [net.neoforged.fml.loading.FMLLoader/CORE]: FML found AccessTransformer version : 10.0.1+139da711
[12Jul2026 13:58:36.139] [main/DEBUG] [net.neoforged.fml.loading.FMLLoader/CORE]: FML found EventBus version : null
[12Jul2026 13:58:36.140] [main/DEBUG] [net.neoforged.fml.loading.FMLLoader/CORE]: Found Runtime Dist Cleaner
[12Jul2026 13:58:36.141] [main/DEBUG] [cpw.mods.modlauncher.TransformationServiceDecorator/MODLAUNCHER]: Loaded service fml
[12Jul2026 13:58:36.141] [main/DEBUG] [cpw.mods.modlauncher.TransformationServicesHandler/MODLAUNCHER]: Configuring option handling for services
[12Jul2026 13:58:36.157] [main/DEBUG] [net.neoforged.fml.loading.FMLServiceProvider/CORE]: Received command line version data  : VersionInfo[neoForgeVersion=21.1.190, fmlVersion=4.0.41, mcVersion=1.21.1, neoFormVersion=20240808.144430]
[12Jul2026 13:58:36.157] [main/DEBUG] [cpw.mods.modlauncher.TransformationServicesHandler/MODLAUNCHER]: Transformation services initializing
[12Jul2026 13:58:36.158] [main/DEBUG] [cpw.mods.modlauncher.TransformationServiceDecorator/MODLAUNCHER]: Initializing transformation service mixin
[12Jul2026 13:58:36.172] [main/DEBUG] [mixin/]: MixinService [ModLauncher] was successfully booted in cpw.mods.cl.ModuleClassLoader@1ab3a8c8
[12Jul2026 13:58:36.184] [main/INFO] [mixin/]: SpongePowered MIXIN Subsystem Version=0.8.7 Source=union:/C:/Users/barte/.mcreator/gradle/caches/modules-2/files-2.1/net.fabricmc/sponge-mixin/0.15.2+mixin.0.8.7/2af2f021d8e02a0220dc27a7a72b4666d66d44ca/sponge-mixin-0.15.2+mixin.0.8.7.jar%23138!/ Service=ModLauncher Env=CLIENT
[12Jul2026 13:58:36.186] [main/DEBUG] [mixin/]: Initialising Mixin Platform Manager
[12Jul2026 13:58:36.186] [main/DEBUG] [mixin/]: Adding mixin platform agents for container ModLauncher Root Container(ModLauncher:4f56a0a2)
[12Jul2026 13:58:36.187] [main/DEBUG] [mixin/]: Instancing new MixinPlatformAgentMinecraftForge for ModLauncher Root Container(ModLauncher:4f56a0a2)
[12Jul2026 13:58:36.187] [main/DEBUG] [mixin/]: MixinPlatformAgentMinecraftForge rejected container ModLauncher Root Container(ModLauncher:4f56a0a2)
[12Jul2026 13:58:36.188] [main/DEBUG] [mixin/]: Instancing new MixinPlatformAgentDefault for ModLauncher Root Container(ModLauncher:4f56a0a2)
[12Jul2026 13:58:36.188] [main/DEBUG] [mixin/]: MixinPlatformAgentDefault accepted container ModLauncher Root Container(ModLauncher:4f56a0a2)
[12Jul2026 13:58:36.190] [main/DEBUG] [cpw.mods.modlauncher.TransformationServiceDecorator/MODLAUNCHER]: Initialized transformation service mixin
[12Jul2026 13:58:36.190] [main/DEBUG] [cpw.mods.modlauncher.TransformationServiceDecorator/MODLAUNCHER]: Initializing transformation service fml
[12Jul2026 13:58:36.190] [main/DEBUG] [net.neoforged.fml.loading.FMLServiceProvider/CORE]: Setting up basic FML game directories
[12Jul2026 13:58:36.191] [main/DEBUG] [net.neoforged.fml.loading.FMLPaths/CORE]: Path GAMEDIR is C:\Users\barte\MCreatorWorkspaces\masterchef_restaurant\run
[12Jul2026 13:58:36.191] [main/DEBUG] [net.neoforged.fml.loading.FMLPaths/CORE]: Path MODSDIR is C:\Users\barte\MCreatorWorkspaces\masterchef_restaurant\run\mods
[12Jul2026 13:58:36.192] [main/DEBUG] [net.neoforged.fml.loading.FMLPaths/CORE]: Path CONFIGDIR is C:\Users\barte\MCreatorWorkspaces\masterchef_restaurant\run\config
[12Jul2026 13:58:36.192] [main/DEBUG] [net.neoforged.fml.loading.FMLPaths/CORE]: Path FMLCONFIG is C:\Users\barte\MCreatorWorkspaces\masterchef_restaurant\run\config\fml.toml
[12Jul2026 13:58:36.192] [main/DEBUG] [net.neoforged.fml.loading.FMLServiceProvider/CORE]: Loading configuration
[12Jul2026 13:58:36.195] [main/DEBUG] [net.neoforged.fml.loading.FMLServiceProvider/CORE]: Preparing launch handler
[12Jul2026 13:58:36.196] [main/DEBUG] [net.neoforged.fml.loading.FMLLoader/CORE]: Using forgeclientdev as launch service
[12Jul2026 13:58:36.198] [main/DEBUG] [cpw.mods.modlauncher.TransformationServiceDecorator/MODLAUNCHER]: Initialized transformation service fml
[12Jul2026 13:58:36.198] [main/DEBUG] [cpw.mods.modlauncher.TransformationServicesHandler/MODLAUNCHER]: Transformation services begin scanning
[12Jul2026 13:58:36.198] [main/DEBUG] [cpw.mods.modlauncher.TransformationServiceDecorator/MODLAUNCHER]: Beginning scan trigger - transformation service mixin
[12Jul2026 13:58:36.199] [main/DEBUG] [cpw.mods.modlauncher.TransformationServiceDecorator/MODLAUNCHER]: End scan trigger - transformation service mixin
[12Jul2026 13:58:36.199] [main/DEBUG] [cpw.mods.modlauncher.TransformationServiceDecorator/MODLAUNCHER]: Beginning scan trigger - transformation service fml
[12Jul2026 13:58:36.199] [main/DEBUG] [net.neoforged.fml.loading.FMLServiceProvider/CORE]: Initiating mod scan
[12Jul2026 13:58:36.199] [main/DEBUG] [net.neoforged.fml.loading.targets.CommonLaunchHandler/CORE]: Got mod coordinates mcreator%%C:\Users\barte\MCreatorWorkspaces\masterchef_restaurant\build\classes\java\main;mcreator%%C:\Users\barte\MCreatorWorkspaces\masterchef_restaurant\build\resources\main from env
[12Jul2026 13:58:36.200] [main/DEBUG] [net.neoforged.fml.loading.targets.CommonLaunchHandler/CORE]: Found supplied mod coordinates [{mcreator=[C:\Users\barte\MCreatorWorkspaces\masterchef_restaurant\build\classes\java\main, C:\Users\barte\MCreatorWorkspaces\masterchef_restaurant\build\resources\main]}]
[12Jul2026 13:58:36.201] [main/DEBUG] [net.neoforged.fml.loading.targets.CommonDevLaunchHandler/]: Launching with NeoForge from C:\Users\barte\MCreatorWorkspaces\masterchef_restaurant\build\moddev\artifacts\neoforge-21.1.190.jar
[12Jul2026 13:58:36.213] [main/DEBUG] [net.neoforged.fml.util.ServiceLoaderUtil/CORE]: Found 4 implementations of IModFileCandidateLocator:
[12Jul2026 13:58:36.213] [main/DEBUG] [net.neoforged.fml.util.ServiceLoaderUtil/CORE]: 	       0 - [built-in] net.neoforged.fml.loading.moddiscovery.locators.NeoForgeDevProvider from loader-4.0.41.jar
[12Jul2026 13:58:36.214] [main/DEBUG] [net.neoforged.fml.util.ServiceLoaderUtil/CORE]: 	       0 - net.neoforged.fml.loading.moddiscovery.locators.ModsFolderLocator from loader-4.0.41.jar
[12Jul2026 13:58:36.214] [main/DEBUG] [net.neoforged.fml.util.ServiceLoaderUtil/CORE]: 	       0 - net.neoforged.fml.loading.moddiscovery.locators.MavenDirectoryLocator from loader-4.0.41.jar
[12Jul2026 13:58:36.214] [main/DEBUG] [net.neoforged.fml.util.ServiceLoaderUtil/CORE]: 	   -1000 - [built-in] net.neoforged.fml.loading.moddiscovery.locators.UserdevLocator from loader-4.0.41.jar
[12Jul2026 13:58:36.216] [main/DEBUG] [net.neoforged.fml.util.ServiceLoaderUtil/CORE]: Found 2 implementations of IModFileReader:
[12Jul2026 13:58:36.216] [main/DEBUG] [net.neoforged.fml.util.ServiceLoaderUtil/CORE]: 	       0 - net.neoforged.fml.loading.moddiscovery.readers.JarModsDotTomlModFileReader from loader-4.0.41.jar
[12Jul2026 13:58:36.217] [main/DEBUG] [net.neoforged.fml.util.ServiceLoaderUtil/CORE]: 	   -1000 - net.neoforged.fml.loading.moddiscovery.readers.NestedLibraryModReader from loader-4.0.41.jar
[12Jul2026 13:58:36.218] [main/DEBUG] [net.neoforged.fml.util.ServiceLoaderUtil/CORE]: Found 1 implementations of IDependencyLocator:
[12Jul2026 13:58:36.219] [main/DEBUG] [net.neoforged.fml.util.ServiceLoaderUtil/CORE]: 	       0 - net.neoforged.fml.loading.moddiscovery.locators.JarInJarDependencyLocator from loader-4.0.41.jar
[12Jul2026 13:58:36.259] [main/DEBUG] [net.neoforged.fml.loading.moddiscovery.ModFileInfo/LOADING]: Found valid mod file neoforge-21.1.190.jar with {minecraft} mods - versions {1.21.1}
[12Jul2026 13:58:36.266] [main/DEBUG] [net.neoforged.fml.loading.moddiscovery.ModFileParser/LOADING]: Considering mod file candidate C:\Users\barte\MCreatorWorkspaces\masterchef_restaurant\build\moddev\artifacts\neoforge-21.1.190.jar
[12Jul2026 13:58:36.278] [main/DEBUG] [net.neoforged.fml.loading.moddiscovery.ModFileInfo/LOADING]: Found valid mod file neoforge-21.1.190.jar with {neoforge} mods - versions {21.1.190}
[12Jul2026 13:58:36.281] [main/DEBUG] [net.neoforged.fml.loading.moddiscovery.ModListHandler/CORE]: Found mod coordinates from lists: []
[12Jul2026 13:58:36.283] [main/DEBUG] [net.neoforged.fml.loading.moddiscovery.ModFileParser/LOADING]: Considering mod file candidate C:\Users\barte\MCreatorWorkspaces\masterchef_restaurant\build\classes\java\main
[12Jul2026 13:58:36.286] [pool-2-thread-1/INFO] [EARLYDISPLAY/]: GL info: Intel(R) UHD Graphics GL version 4.6.0 - Build 32.0.101.6733, Intel
[12Jul2026 13:58:36.288] [main/DEBUG] [net.neoforged.fml.loading.moddiscovery.ModFileInfo/LOADING]: Found valid mod file main with {masterchef_restaurant} mods - versions {1.0.0}
[12Jul2026 13:58:36.296] [main/DEBUG] [net.neoforged.fml.loading.moddiscovery.ModFileParser/LOADING]: Considering mod file candidate C:\Users\barte\MCreatorWorkspaces\masterchef_restaurant\build\moddev\artifacts\neoforge-21.1.190.jar
[12Jul2026 13:58:36.298] [main/DEBUG] [net.neoforged.fml.loading.moddiscovery.ModFileInfo/LOADING]: Found valid mod file neoforge-21.1.190.jar with {neoforge} mods - versions {21.1.190}
[12Jul2026 13:58:36.318] [main/DEBUG] [net.neoforged.fml.loading.moddiscovery.ModDiscoverer/]: Skipping C:\Users\barte\.mcreator\gradle\caches\modules-2\files-2.1\net.neoforged.fancymodloader\earlydisplay\4.0.41\53dfbd387ed1b88c7d144bdb6551b7f57d5da6d7\earlydisplay-4.0.41.jar because it was already located earlier
[12Jul2026 13:58:36.318] [main/DEBUG] [net.neoforged.fml.loading.moddiscovery.ModDiscoverer/]: Skipping C:\Users\barte\.mcreator\gradle\caches\modules-2\files-2.1\net.neoforged.fancymodloader\loader\4.0.41\3aebc81b9347fa87bb629ffaed20276f2a4c944e\loader-4.0.41.jar because it was already located earlier
[12Jul2026 13:58:36.318] [main/DEBUG] [net.neoforged.fml.loading.moddiscovery.ModDiscoverer/]: Skipping C:\Users\barte\.mcreator\gradle\caches\modules-2\files-2.1\net.neoforged.accesstransformers\at-modlauncher\10.0.1\5aba50202aceead086bc09fbc2751c9f05cb4890\at-modlauncher-10.0.1.jar because it was already located earlier
[12Jul2026 13:58:36.319] [main/DEBUG] [net.neoforged.fml.loading.moddiscovery.ModDiscoverer/]: Skipping C:\Users\barte\.mcreator\gradle\caches\modules-2\files-2.1\net.neoforged\accesstransformers\10.0.1\fd83b5725f76eae9115e9355fa1c456a6a441400\accesstransformers-10.0.1.jar because it was already located earlier
[12Jul2026 13:58:36.319] [main/DEBUG] [net.neoforged.fml.loading.moddiscovery.ModDiscoverer/]: Skipping C:\Users\barte\.mcreator\gradle\caches\modules-2\files-2.1\net.neoforged\bus\8.0.5\5b2d33285ab5d1554e9798ad98c40d6ea3868bd5\bus-8.0.5.jar because it was already located earlier
[12Jul2026 13:58:36.319] [main/DEBUG] [net.neoforged.fml.loading.moddiscovery.ModDiscoverer/]: Skipping C:\Users\barte\.mcreator\gradle\caches\modules-2\files-2.1\net.neoforged\coremods\7.0.3\9147e6f638b4272b3bd5fc8f92ad37802512c6c\coremods-7.0.3.jar because it was already located earlier
[12Jul2026 13:58:36.320] [main/DEBUG] [net.neoforged.fml.loading.moddiscovery.ModDiscoverer/]: Skipping C:\Users\barte\.mcreator\gradle\caches\modules-2\files-2.1\cpw.mods\modlauncher\11.0.5\b8f0d49294f733fdb6173931b263553e943dc950\modlauncher-11.0.5.jar because it was already located earlier
[12Jul2026 13:58:36.320] [main/DEBUG] [net.neoforged.fml.loading.moddiscovery.ModDiscoverer/]: Skipping C:\Users\barte\.mcreator\gradle\caches\modules-2\files-2.1\net.neoforged\mergetool\2.0.0\52fe1949be64e3303aabaaa21e315f551db9c9f4\mergetool-2.0.0-api.jar because it was already located earlier
[12Jul2026 13:58:36.320] [main/DEBUG] [net.neoforged.fml.loading.moddiscovery.ModDiscoverer/]: Skipping C:\Users\barte\.mcreator\gradle\caches\modules-2\files-2.1\com.electronwill.night-config\toml\3.8.2\c128842f759692f613ea6c3ef0ef052273bbb38c\toml-3.8.2.jar because it was already located earlier
[12Jul2026 13:58:36.320] [main/DEBUG] [net.neoforged.fml.loading.moddiscovery.ModDiscoverer/]: Skipping C:\Users\barte\.mcreator\gradle\caches\modules-2\files-2.1\com.electronwill.night-config\core\3.8.2\94eee571e1524129804d08c75f6416a3be380ad4\core-3.8.2.jar because it was already located earlier
[12Jul2026 13:58:36.320] [main/DEBUG] [net.neoforged.fml.loading.moddiscovery.ModDiscoverer/]: Skipping C:\Users\barte\.mcreator\gradle\caches\modules-2\files-2.1\net.neoforged\JarJarSelector\0.4.1\fb3cc7a58af22ad2880adb98af6d518128c47dae\JarJarSelector-0.4.1.jar because it was already located earlier
[12Jul2026 13:58:36.321] [main/DEBUG] [net.neoforged.fml.loading.moddiscovery.ModDiscoverer/]: Skipping C:\Users\barte\.mcreator\gradle\caches\modules-2\files-2.1\net.neoforged\JarJarMetadata\0.4.1\f8da03683dc81694556dc3e177c5e3bb77ae6fcb\JarJarMetadata-0.4.1.jar because it was already located earlier
[12Jul2026 13:58:36.321] [main/DEBUG] [net.neoforged.fml.loading.moddiscovery.ModDiscoverer/]: Skipping C:\Users\barte\.mcreator\gradle\caches\modules-2\files-2.1\org.apache.maven\maven-artifact\3.8.5\4433f50c07debefaed0553bd0068f4f48d449313\maven-artifact-3.8.5.jar because it was already located earlier
[12Jul2026 13:58:36.321] [main/DEBUG] [net.neoforged.fml.loading.moddiscovery.ModDiscoverer/]: Skipping C:\Users\barte\.mcreator\gradle\caches\modules-2\files-2.1\net.jodah\typetools\0.6.3\a01aaa6ddaea9ec07ec4f209487b7a46a526283a\typetools-0.6.3.jar because it was already located earlier
[12Jul2026 13:58:36.321] [main/DEBUG] [net.neoforged.fml.loading.moddiscovery.ModDiscoverer/]: Skipping C:\Users\barte\.mcreator\gradle\caches\modules-2\files-2.1\net.minecrell\terminalconsoleappender\1.3.0\b562e9bb61235c9520e26282cdee71f8f802d1fc\terminalconsoleappender-1.3.0.jar because it was already located earlier
[12Jul2026 13:58:36.322] [main/DEBUG] [net.neoforged.fml.loading.moddiscovery.ModDiscoverer/]: Skipping C:\Users\barte\.mcreator\gradle\caches\modules-2\files-2.1\net.fabricmc\sponge-mixin\0.15.2+mixin.0.8.7\2af2f021d8e02a0220dc27a7a72b4666d66d44ca\sponge-mixin-0.15.2+mixin.0.8.7.jar because it was already located earlier
[12Jul2026 13:58:36.322] [main/DEBUG] [net.neoforged.fml.loading.moddiscovery.ModDiscoverer/]: Skipping C:\Users\barte\.mcreator\gradle\caches\modules-2\files-2.1\org.openjdk.nashorn\nashorn-core\15.4\f67f5ffaa5f5130cf6fb9b133da00c7df3b532a5\nashorn-core-15.4.jar because it was already located earlier
[12Jul2026 13:58:36.322] [main/DEBUG] [net.neoforged.fml.loading.moddiscovery.ModDiscoverer/]: Skipping C:\Users\barte\.mcreator\gradle\caches\modules-2\files-2.1\org.apache.commons\commons-lang3\3.14.0\1ed471194b02f2c6cb734a0cd6f6f107c673afae\commons-lang3-3.14.0.jar because it was already located earlier
[12Jul2026 13:58:36.322] [main/DEBUG] [net.neoforged.fml.loading.moddiscovery.ModDiscoverer/]: Skipping C:\Users\barte\.mcreator\gradle\caches\modules-2\files-2.1\net.sf.jopt-simple\jopt-simple\5.0.4\4fdac2fbe92dfad86aa6e9301736f6b4342a3f5c\jopt-simple-5.0.4.jar because it was already located earlier
[12Jul2026 13:58:36.322] [main/DEBUG] [net.neoforged.fml.loading.moddiscovery.ModDiscoverer/]: Skipping C:\Users\barte\.mcreator\gradle\caches\modules-2\files-2.1\commons-io\commons-io\2.15.1\f11560da189ab563a5c8e351941415430e9304ea\commons-io-2.15.1.jar because it was already located earlier
[12Jul2026 13:58:36.322] [main/DEBUG] [net.neoforged.fml.loading.moddiscovery.ModDiscoverer/]: Skipping C:\Users\barte\.mcreator\gradle\caches\modules-2\files-2.1\com.mojang\logging\1.2.7\24cb95ffb0e3433fd6e844c04e68009e504ca1c0\logging-1.2.7.jar because it was already located earlier
[12Jul2026 13:58:36.323] [main/DEBUG] [net.neoforged.fml.loading.moddiscovery.ModDiscoverer/]: Skipping C:\Users\barte\.mcreator\gradle\caches\modules-2\files-2.1\org.apache.logging.log4j\log4j-slf4j2-impl\2.22.1\d7e6693c2606cb7e7335047d7bb96dec52db5665\log4j-slf4j2-impl-2.22.1.jar because it was already located earlier
[12Jul2026 13:58:36.323] [main/DEBUG] [net.neoforged.fml.loading.moddiscovery.ModDiscoverer/]: Skipping C:\Users\barte\.mcreator\gradle\caches\modules-2\files-2.1\org.apache.logging.log4j\log4j-core\2.22.1\7183a25510a02ad00cc6a95d3b3d2a7d3c5a8dc4\log4j-core-2.22.1.jar because it was already located earlier
[12Jul2026 13:58:36.323] [main/DEBUG] [net.neoforged.fml.loading.moddiscovery.ModDiscoverer/]: Skipping C:\Users\barte\.mcreator\gradle\caches\modules-2\files-2.1\org.apache.logging.log4j\log4j-api\2.22.1\bea6fede6328fabafd7e68363161a7ea6605abd1\log4j-api-2.22.1.jar because it was already located earlier
[12Jul2026 13:58:36.323] [main/DEBUG] [net.neoforged.fml.loading.moddiscovery.ModDiscoverer/]: Skipping C:\Users\barte\.mcreator\gradle\caches\modules-2\files-2.1\com.google.guava\guava\32.1.2-jre\5e64ec7e056456bef3a4bc4c6fdaef71e8ab6318\guava-32.1.2-jre.jar because it was already located earlier
[12Jul2026 13:58:36.323] [main/DEBUG] [net.neoforged.fml.loading.moddiscovery.ModDiscoverer/]: Skipping C:\Users\barte\.mcreator\gradle\caches\modules-2\files-2.1\com.google.code.gson\gson\2.10.1\b3add478d4382b78ea20b1671390a858002feb6c\gson-2.10.1.jar because it was already located earlier
[12Jul2026 13:58:36.323] [main/DEBUG] [net.neoforged.fml.loading.moddiscovery.ModDiscoverer/]: Skipping C:\Users\barte\.mcreator\gradle\caches\modules-2\files-2.1\org.slf4j\slf4j-api\2.0.9\7cf2726fdcfbc8610f9a71fb3ed639871f315340\slf4j-api-2.0.9.jar because it was already located earlier
[12Jul2026 13:58:36.324] [main/DEBUG] [net.neoforged.fml.loading.moddiscovery.ModDiscoverer/]: Skipping C:\Users\barte\.mcreator\gradle\caches\modules-2\files-2.1\org.antlr\antlr4-runtime\4.13.1\17125bae1d965624e265ef49552f6465a2bfa307\antlr4-runtime-4.13.1.jar because it was already located earlier
[12Jul2026 13:58:36.324] [main/DEBUG] [net.neoforged.fml.loading.moddiscovery.ModDiscoverer/]: Skipping C:\Users\barte\.mcreator\gradle\caches\modules-2\files-2.1\net.minecraftforge\srgutils\0.4.15\ca408b131759478f164e010fae0d73997e125fb5\srgutils-0.4.15.jar because it was already located earlier
[12Jul2026 13:58:36.324] [main/DEBUG] [net.neoforged.fml.loading.moddiscovery.ModDiscoverer/]: Skipping C:\Users\barte\.mcreator\gradle\caches\modules-2\files-2.1\org.codehaus.plexus\plexus-utils\3.3.0\cf43b5391de623b36fe066a21127baef82c64022\plexus-utils-3.3.0.jar because it was already located earlier
[12Jul2026 13:58:36.324] [main/DEBUG] [net.neoforged.fml.loading.moddiscovery.ModDiscoverer/]: Skipping C:\Users\barte\.mcreator\gradle\caches\modules-2\files-2.1\org.jline\jline-reader\3.20.0\8f15415b022a25b473e8e16c28ae913186ffb9c4\jline-reader-3.20.0.jar because it was already located earlier
[12Jul2026 13:58:36.324] [main/DEBUG] [net.neoforged.fml.loading.moddiscovery.ModDiscoverer/]: Skipping C:\Users\barte\.mcreator\gradle\caches\modules-2\files-2.1\com.machinezoo.noexception\noexception\1.7.1\b65330c98e38a1f915fa54a6e5eca496505e3f0a\noexception-1.7.1.jar because it was already located earlier
[12Jul2026 13:58:36.324] [main/DEBUG] [net.neoforged.fml.loading.moddiscovery.ModDiscoverer/]: Skipping C:\Users\barte\.mcreator\gradle\caches\modules-2\files-2.1\com.google.guava\failureaccess\1.0.1\1dcf1de382a0bf95a3d8b0849546c88bac1292c9\failureaccess-1.0.1.jar because it was already located earlier
[12Jul2026 13:58:36.325] [main/DEBUG] [net.neoforged.fml.loading.moddiscovery.ModDiscoverer/]: Skipping C:\Users\barte\.mcreator\gradle\caches\modules-2\files-2.1\com.google.guava\listenablefuture\9999.0-empty-to-avoid-conflict-with-guava\b421526c5f297295adef1c886e5246c39d4ac629\listenablefuture-9999.0-empty-to-avoid-conflict-with-guava.jar because it was already located earlier
[12Jul2026 13:58:36.325] [main/DEBUG] [net.neoforged.fml.loading.moddiscovery.ModDiscoverer/]: Skipping C:\Users\barte\.mcreator\gradle\caches\modules-2\files-2.1\com.google.code.findbugs\jsr305\3.0.2\25ea2e8b0c338a877313bd4672d3fe056ea78f0d\jsr305-3.0.2.jar because it was already located earlier
[12Jul2026 13:58:36.325] [main/DEBUG] [net.neoforged.fml.loading.moddiscovery.ModDiscoverer/]: Skipping C:\Users\barte\.mcreator\gradle\caches\modules-2\files-2.1\org.checkerframework\checker-qual\3.33.0\de2b60b62da487644fc11f734e73c8b0b431238f\checker-qual-3.33.0.jar because it was already located earlier
[12Jul2026 13:58:36.325] [main/DEBUG] [net.neoforged.fml.loading.moddiscovery.ModDiscoverer/]: Skipping C:\Users\barte\.mcreator\gradle\caches\modules-2\files-2.1\com.google.errorprone\error_prone_annotations\2.18.0\89b684257096f548fa39a7df9fdaa409d4d4df91\error_prone_annotations-2.18.0.jar because it was already located earlier
[12Jul2026 13:58:36.325] [main/DEBUG] [net.neoforged.fml.loading.moddiscovery.ModDiscoverer/]: Skipping C:\Users\barte\.mcreator\gradle\caches\modules-2\files-2.1\com.google.j2objc\j2objc-annotations\2.8\c85270e307e7b822f1086b93689124b89768e273\j2objc-annotations-2.8.jar because it was already located earlier
[12Jul2026 13:58:36.325] [main/DEBUG] [net.neoforged.fml.loading.moddiscovery.ModDiscoverer/]: Skipping C:\Users\barte\.mcreator\gradle\caches\modules-2\files-2.1\org.jline\jline-terminal\3.20.0\d0ddcc708ddf527a3454c941b7b9225cc83a15ff\jline-terminal-3.20.0.jar because it was already located earlier
[12Jul2026 13:58:36.326] [main/DEBUG] [net.neoforged.fml.loading.moddiscovery.ModDiscoverer/]: Skipping C:\Users\barte\.mcreator\gradle\caches\modules-2\files-2.1\com.github.oshi\oshi-core\6.4.10\b1d8ab82d11d92fd639b56d639f8f46f739dd5fa\oshi-core-6.4.10.jar because it was already located earlier
[12Jul2026 13:58:36.326] [main/DEBUG] [net.neoforged.fml.loading.moddiscovery.ModDiscoverer/]: Skipping C:\Users\barte\.mcreator\gradle\caches\modules-2\files-2.1\com.ibm.icu\icu4j\73.2\61ad4ef7f9131fcf6d25c34b817f90d6da06c9e9\icu4j-73.2.jar because it was already located earlier
[12Jul2026 13:58:36.326] [main/DEBUG] [net.neoforged.fml.loading.moddiscovery.ModDiscoverer/]: Skipping C:\Users\barte\.mcreator\gradle\caches\modules-2\files-2.1\com.mojang\authlib\6.0.54\de8bc95660e1b2fe8793fd427a7a10dcec5b3ea7\authlib-6.0.54.jar because it was already located earlier
[12Jul2026 13:58:36.326] [main/DEBUG] [net.neoforged.fml.loading.moddiscovery.ModDiscoverer/]: Skipping C:\Users\barte\.mcreator\gradle\caches\modules-2\files-2.1\com.mojang\blocklist\1.0.10\5c685c5ffa94c4cd39496c7184c1d122e515ecef\blocklist-1.0.10.jar because it was already located earlier
[12Jul2026 13:58:36.326] [main/DEBUG] [net.neoforged.fml.loading.moddiscovery.ModDiscoverer/]: Skipping C:\Users\barte\.mcreator\gradle\caches\modules-2\files-2.1\com.mojang\brigadier\1.3.10\d15b53a14cf20fdcaa98f731af5dda654452c010\brigadier-1.3.10.jar because it was already located earlier
[12Jul2026 13:58:36.327] [main/DEBUG] [net.neoforged.fml.loading.moddiscovery.ModDiscoverer/]: Skipping C:\Users\barte\.mcreator\gradle\caches\modules-2\files-2.1\com.mojang\datafixerupper\8.0.16\67d4de6d7f95d89bcf5862995fb854ebaec02a34\datafixerupper-8.0.16.jar because it was already located earlier
[12Jul2026 13:58:36.327] [main/DEBUG] [net.neoforged.fml.loading.moddiscovery.ModDiscoverer/]: Skipping C:\Users\barte\.mcreator\gradle\caches\modules-2\files-2.1\com.mojang\patchy\2.2.10\da05971b07cbb379d002cf7eaec6a2048211fefc\patchy-2.2.10.jar because it was already located earlier
[12Jul2026 13:58:36.327] [main/DEBUG] [net.neoforged.fml.loading.moddiscovery.ModDiscoverer/]: Skipping C:\Users\barte\.mcreator\gradle\caches\modules-2\files-2.1\com.mojang\text2speech\1.17.9\3cad216e3a7f0c19b4b394388bc9ffc446f13b14\text2speech-1.17.9.jar because it was already located earlier
[12Jul2026 13:58:36.327] [main/DEBUG] [net.neoforged.fml.loading.moddiscovery.ModDiscoverer/]: Skipping C:\Users\barte\.mcreator\gradle\caches\modules-2\files-2.1\commons-codec\commons-codec\1.16.0\4e3eb3d79888d76b54e28b350915b5dc3919c9de\commons-codec-1.16.0.jar because it was already located earlier
[12Jul2026 13:58:36.327] [main/DEBUG] [net.neoforged.fml.loading.moddiscovery.ModDiscoverer/]: Skipping C:\Users\barte\.mcreator\gradle\caches\modules-2\files-2.1\commons-logging\commons-logging\1.2\4bfc12adfe4842bf07b657f0369c4cb522955686\commons-logging-1.2.jar because it was already located earlier
[12Jul2026 13:58:36.328] [main/DEBUG] [net.neoforged.fml.loading.moddiscovery.ModDiscoverer/]: Skipping C:\Users\barte\.mcreator\gradle\caches\modules-2\files-2.1\io.netty\netty-buffer\4.1.97.Final\f8f3d8644afa5e6e1a40a3a6aeb9d9aa970ecb4f\netty-buffer-4.1.97.Final.jar because it was already located earlier
[12Jul2026 13:58:36.328] [main/DEBUG] [net.neoforged.fml.loading.moddiscovery.ModDiscoverer/]: Skipping C:\Users\barte\.mcreator\gradle\caches\modules-2\files-2.1\io.netty\netty-codec\4.1.97.Final\384ba4d75670befbedb45c4d3b497a93639c206d\netty-codec-4.1.97.Final.jar because it was already located earlier
[12Jul2026 13:58:36.328] [main/DEBUG] [net.neoforged.fml.loading.moddiscovery.ModDiscoverer/]: Skipping C:\Users\barte\.mcreator\gradle\caches\modules-2\files-2.1\io.netty\netty-common\4.1.97.Final\7cceacaf11df8dc63f23d0fb58e9d4640fc88404\netty-common-4.1.97.Final.jar because it was already located earlier
[12Jul2026 13:58:36.328] [main/DEBUG] [net.neoforged.fml.loading.moddiscovery.ModDiscoverer/]: Skipping C:\Users\barte\.mcreator\gradle\caches\modules-2\files-2.1\io.netty\netty-handler\4.1.97.Final\abb86c6906bf512bf2b797a41cd7d2e8d3cd7c36\netty-handler-4.1.97.Final.jar because it was already located earlier
[12Jul2026 13:58:36.329] [main/DEBUG] [net.neoforged.fml.loading.moddiscovery.ModDiscoverer/]: Skipping C:\Users\barte\.mcreator\gradle\caches\modules-2\files-2.1\io.netty\netty-resolver\4.1.97.Final\cec8348108dc76c47cf87c669d514be52c922144\netty-resolver-4.1.97.Final.jar because it was already located earlier
[12Jul2026 13:58:36.329] [main/DEBUG] [net.neoforged.fml.loading.moddiscovery.ModDiscoverer/]: Skipping C:\Users\barte\.mcreator\gradle\caches\modules-2\files-2.1\io.netty\netty-transport-classes-epoll\4.1.97.Final\795da37ded759e862457a82d9d92c4d39ce8ecee\netty-transport-classes-epoll-4.1.97.Final.jar because it was already located earlier
[12Jul2026 13:58:36.329] [main/DEBUG] [net.neoforged.fml.loading.moddiscovery.ModDiscoverer/]: Skipping C:\Users\barte\.mcreator\gradle\caches\modules-2\files-2.1\io.netty\netty-transport-native-unix-common\4.1.97.Final\d469d84265ab70095b01b40886cabdd433b6e664\netty-transport-native-unix-common-4.1.97.Final.jar because it was already located earlier
[12Jul2026 13:58:36.329] [main/DEBUG] [net.neoforged.fml.loading.moddiscovery.ModDiscoverer/]: Skipping C:\Users\barte\.mcreator\gradle\caches\modules-2\files-2.1\io.netty\netty-transport\4.1.97.Final\f37380d23c9bb079bc702910833b2fd532c9abd0\netty-transport-4.1.97.Final.jar because it was already located earlier
[12Jul2026 13:58:36.329] [main/DEBUG] [net.neoforged.fml.loading.moddiscovery.ModDiscoverer/]: Skipping C:\Users\barte\.mcreator\gradle\caches\modules-2\files-2.1\it.unimi.dsi\fastutil\8.5.12\c24946d46824bd528054bface3231d2ecb7e95e8\fastutil-8.5.12.jar because it was already located earlier
[12Jul2026 13:58:36.329] [main/DEBUG] [net.neoforged.fml.loading.moddiscovery.ModDiscoverer/]: Skipping C:\Users\barte\.mcreator\gradle\caches\modules-2\files-2.1\net.java.dev.jna\jna-platform\5.14.0\28934d48aed814f11e4c584da55c49fa7032b31b\jna-platform-5.14.0.jar because it was already located earlier
[12Jul2026 13:58:36.329] [main/DEBUG] [net.neoforged.fml.loading.moddiscovery.ModDiscoverer/]: Skipping C:\Users\barte\.mcreator\gradle\caches\modules-2\files-2.1\net.java.dev.jna\jna\5.14.0\67bf3eaea4f0718cb376a181a629e5f88fa1c9dd\jna-5.14.0.jar because it was already located earlier
[12Jul2026 13:58:36.330] [main/DEBUG] [net.neoforged.fml.loading.moddiscovery.ModDiscoverer/]: Skipping C:\Users\barte\.mcreator\gradle\caches\modules-2\files-2.1\org.apache.commons\commons-compress\1.26.0\659feffdd12280201c8aacb8f7be94f9a883c824\commons-compress-1.26.0.jar because it was already located earlier
[12Jul2026 13:58:36.330] [main/DEBUG] [net.neoforged.fml.loading.moddiscovery.ModDiscoverer/]: Skipping C:\Users\barte\.mcreator\gradle\caches\modules-2\files-2.1\org.apache.httpcomponents\httpclient\4.5.13\e5f6cae5ca7ecaac1ec2827a9e2d65ae2869cada\httpclient-4.5.13.jar because it was already located earlier
[12Jul2026 13:58:36.330] [main/DEBUG] [net.neoforged.fml.loading.moddiscovery.ModDiscoverer/]: Skipping C:\Users\barte\.mcreator\gradle\caches\modules-2\files-2.1\org.apache.httpcomponents\httpcore\4.4.16\51cf043c87253c9f58b539c9f7e44c8894223850\httpcore-4.4.16.jar because it was already located earlier
[12Jul2026 13:58:36.330] [main/DEBUG] [net.neoforged.fml.loading.moddiscovery.ModDiscoverer/]: Skipping C:\Users\barte\.mcreator\gradle\caches\modules-2\files-2.1\org.jcraft\jorbis\0.0.17\8872d22b293e8f5d7d56ff92be966e6dc28ebdc6\jorbis-0.0.17.jar because it was already located earlier
[12Jul2026 13:58:36.330] [main/DEBUG] [net.neoforged.fml.loading.moddiscovery.ModDiscoverer/]: Skipping C:\Users\barte\.mcreator\gradle\caches\modules-2\files-2.1\org.joml\joml\1.10.5\22566d58af70ad3d72308bab63b8339906deb649\joml-1.10.5.jar because it was already located earlier
[12Jul2026 13:58:36.331] [main/DEBUG] [net.neoforged.fml.loading.moddiscovery.ModDiscoverer/]: Skipping C:\Users\barte\.mcreator\gradle\caches\modules-2\files-2.1\org.lwjgl\lwjgl-freetype\3.3.3\a0db6c84a8becc8ca05f9dbfa985edc348a824c7\lwjgl-freetype-3.3.3.jar because it was already located earlier
[12Jul2026 13:58:36.335] [main/DEBUG] [net.neoforged.fml.loading.moddiscovery.ModDiscoverer/]: Skipping C:\Users\barte\.mcreator\gradle\caches\modules-2\files-2.1\org.lwjgl\lwjgl-freetype\3.3.3\15a8c1de7f51d07a92eae7ce1222557073a0c0c3\lwjgl-freetype-3.3.3-natives-windows-x86.jar because it was already located earlier
[12Jul2026 13:58:36.336] [main/DEBUG] [net.neoforged.fml.loading.moddiscovery.ModDiscoverer/]: Skipping C:\Users\barte\.mcreator\gradle\caches\modules-2\files-2.1\org.lwjgl\lwjgl-glfw\3.3.3\efa1eb78c5ccd840e9f329717109b5e892d72f8e\lwjgl-glfw-3.3.3.jar because it was already located earlier
[12Jul2026 13:58:36.341] [main/DEBUG] [net.neoforged.fml.loading.moddiscovery.ModDiscoverer/]: Skipping C:\Users\barte\.mcreator\gradle\caches\modules-2\files-2.1\org.lwjgl\lwjgl-glfw\3.3.3\32334f3fd5270a59bad9939a93115acb6de36dcf\lwjgl-glfw-3.3.3-natives-windows-x86.jar because it was already located earlier
[12Jul2026 13:58:36.342] [main/DEBUG] [net.neoforged.fml.loading.moddiscovery.ModDiscoverer/]: Skipping C:\Users\barte\.mcreator\gradle\caches\modules-2\files-2.1\org.lwjgl\lwjgl-jemalloc\3.3.3\b543467b7ff3c6920539a88ee602d34098628be5\lwjgl-jemalloc-3.3.3.jar because it was already located earlier
[12Jul2026 13:58:36.342] [main/DEBUG] [net.neoforged.fml.loading.moddiscovery.ModDiscoverer/]: Skipping C:\Users\barte\.mcreator\gradle\caches\modules-2\files-2.1\org.lwjgl\lwjgl-jemalloc\3.3.3\426222fc027602a5f21b9c0fe79cde6a4c7a011f\lwjgl-jemalloc-3.3.3-natives-windows.jar because it was already located earlier
[12Jul2026 13:58:36.347] [main/DEBUG] [net.neoforged.fml.loading.moddiscovery.ModDiscoverer/]: Skipping C:\Users\barte\.mcreator\gradle\caches\modules-2\files-2.1\org.lwjgl\lwjgl-openal\3.3.3\daada81ceb5fc0c291fbfdd4433cb8d9423577f2\lwjgl-openal-3.3.3.jar because it was already located earlier
[12Jul2026 13:58:36.352] [main/DEBUG] [net.neoforged.fml.loading.moddiscovery.ModDiscoverer/]: Skipping C:\Users\barte\.mcreator\gradle\caches\modules-2\files-2.1\org.lwjgl\lwjgl-openal\3.3.3\87b8d5050e3adb46bb58fe1cb2669a4a48fce10d\lwjgl-openal-3.3.3-natives-windows-x86.jar because it was already located earlier
[12Jul2026 13:58:36.353] [main/DEBUG] [net.neoforged.fml.loading.moddiscovery.ModDiscoverer/]: Skipping C:\Users\barte\.mcreator\gradle\caches\modules-2\files-2.1\org.lwjgl\lwjgl-opengl\3.3.3\2f6b0147078396a58979125a4c947664e98293a\lwjgl-opengl-3.3.3.jar because it was already located earlier
[12Jul2026 13:58:36.355] [main/DEBUG] [net.neoforged.fml.loading.moddiscovery.ModDiscoverer/]: Skipping C:\Users\barte\.mcreator\gradle\caches\modules-2\files-2.1\org.lwjgl\lwjgl-opengl\3.3.3\65e956d3735a1abdc82eff4baec1b61174697d4b\lwjgl-opengl-3.3.3-natives-windows-arm64.jar because it was already located earlier
[12Jul2026 13:58:36.357] [main/DEBUG] [net.neoforged.fml.loading.moddiscovery.ModDiscoverer/]: Skipping C:\Users\barte\.mcreator\gradle\caches\modules-2\files-2.1\org.lwjgl\lwjgl-stb\3.3.3\25dd6161988d7e65f71d5065c99902402ee32746\lwjgl-stb-3.3.3.jar because it was already located earlier
[12Jul2026 13:58:36.357] [main/DEBUG] [net.neoforged.fml.loading.moddiscovery.ModDiscoverer/]: Skipping C:\Users\barte\.mcreator\gradle\caches\modules-2\files-2.1\org.lwjgl\lwjgl-stb\3.3.3\1d9facdf6541de114b0f963be33505b7679c78cb\lwjgl-stb-3.3.3-natives-windows.jar because it was already located earlier
[12Jul2026 13:58:36.362] [main/DEBUG] [net.neoforged.fml.loading.moddiscovery.ModDiscoverer/]: Skipping C:\Users\barte\.mcreator\gradle\caches\modules-2\files-2.1\org.lwjgl\lwjgl-tinyfd\3.3.3\82d755ca94b102e9ca77283b9e2dc46d1b15fbe5\lwjgl-tinyfd-3.3.3.jar because it was already located earlier
[12Jul2026 13:58:36.362] [main/DEBUG] [net.neoforged.fml.loading.moddiscovery.ModDiscoverer/]: Skipping C:\Users\barte\.mcreator\gradle\caches\modules-2\files-2.1\org.lwjgl\lwjgl-tinyfd\3.3.3\a6697981b0449a5087c1d546fc08b4f73e8f98c9\lwjgl-tinyfd-3.3.3-natives-windows.jar because it was already located earlier
[12Jul2026 13:58:36.366] [main/DEBUG] [net.neoforged.fml.loading.moddiscovery.ModDiscoverer/]: Skipping C:\Users\barte\.mcreator\gradle\caches\modules-2\files-2.1\org.lwjgl\lwjgl\3.3.3\29589b5f87ed335a6c7e7ee6a5775f81f97ecb84\lwjgl-3.3.3.jar because it was already located earlier
[12Jul2026 13:58:36.373] [main/DEBUG] [net.neoforged.fml.loading.moddiscovery.ModDiscoverer/]: Skipping C:\Users\barte\.mcreator\gradle\caches\modules-2\files-2.1\org.lwjgl\lwjgl\3.3.3\9e670718e050aeaeea0c2d5b907cffb142f2e58f\lwjgl-3.3.3-natives-windows-x86.jar because it was already located earlier
[12Jul2026 13:58:36.373] [main/DEBUG] [net.neoforged.fml.loading.moddiscovery.ModDiscoverer/]: Skipping C:\Users\barte\.mcreator\gradle\caches\modules-2\files-2.1\org.lz4\lz4-java\1.8.0\4b986a99445e49ea5fbf5d149c4b63f6ed6c6780\lz4-java-1.8.0.jar because it was already located earlier
[12Jul2026 13:58:36.375] [main/DEBUG] [net.neoforged.fml.loading.UniqueModListBuilder/]: Found 2 mods for first modid neoforge, selecting most recent based on version data
[12Jul2026 13:58:36.375] [main/DEBUG] [net.neoforged.fml.loading.UniqueModListBuilder/]: Selected file neoforge-21.1.190.jar for modid neoforge with version 21.1.190
[12Jul2026 13:58:36.461] [main/INFO] [net.neoforged.fml.loading.moddiscovery.locators.JarInJarDependencyLocator/]: Found 2 dependencies adding them to mods collection
[12Jul2026 13:58:36.462] [main/INFO] [net.neoforged.fml.loading.moddiscovery.ModDiscoverer/]: 
     Mod List:
		Name Version (Mod Id)

		MasterChef Restaurant 1.0.0 (masterchef_restaurant)
		Minecraft 1.21.1 (minecraft)
		NeoForge 21.1.190 (neoforge)
[12Jul2026 13:58:36.464] [main/DEBUG] [net.neoforged.fml.loading.moddiscovery.ModFileInfo/LOADING]: Found valid mod file neoforge-21.1.190.jar with {minecraft} mods - versions {1.21.1}
[12Jul2026 13:58:36.467] [main/DEBUG] [net.neoforged.fml.loading.moddiscovery.ModFile/LOADING]: Loading mod file C:\Users\barte\MCreatorWorkspaces\masterchef_restaurant\build\moddev\artifacts\neoforge-21.1.190.jar with languages [LanguageSpec[languageName=minecraft, acceptedVersions=1]]
[12Jul2026 13:58:36.468] [main/DEBUG] [net.neoforged.fml.loading.moddiscovery.ModFileParser/LOADING]: Considering mod file candidate C:\Users\barte\MCreatorWorkspaces\masterchef_restaurant\build\classes\java\main
[12Jul2026 13:58:36.470] [main/DEBUG] [net.neoforged.fml.loading.moddiscovery.ModFileInfo/LOADING]: Found valid mod file main with {masterchef_restaurant} mods - versions {1.0.0}
[12Jul2026 13:58:36.471] [main/DEBUG] [net.neoforged.fml.loading.moddiscovery.ModFile/LOADING]: Loading mod file C:\Users\barte\MCreatorWorkspaces\masterchef_restaurant\build\classes\java\main with languages [LanguageSpec[languageName=javafml, acceptedVersions=[4,)]]
[12Jul2026 13:58:36.471] [main/DEBUG] [net.neoforged.fml.loading.moddiscovery.ModFileParser/LOADING]: Considering mod file candidate C:\Users\barte\MCreatorWorkspaces\masterchef_restaurant\build\moddev\artifacts\neoforge-21.1.190.jar
[12Jul2026 13:58:36.473] [main/DEBUG] [net.neoforged.fml.loading.moddiscovery.ModFileInfo/LOADING]: Found valid mod file neoforge-21.1.190.jar with {neoforge} mods - versions {21.1.190}
[12Jul2026 13:58:36.473] [main/DEBUG] [net.neoforged.fml.loading.moddiscovery.ModFile/LOADING]: Loading mod file C:\Users\barte\MCreatorWorkspaces\masterchef_restaurant\build\moddev\artifacts\neoforge-21.1.190.jar with languages [LanguageSpec[languageName=javafml, acceptedVersions=[3,]]]
[12Jul2026 13:58:36.474] [main/DEBUG] [net.neoforged.fml.loading.moddiscovery.ModFile/LOADING]: Found mixin config MixinConfig[config=neoforge.mixins.json, requiredMods=[]]
[12Jul2026 13:58:36.474] [main/DEBUG] [net.neoforged.fml.loading.moddiscovery.ModFile/LOADING]: Loading mod file  with languages []
[12Jul2026 13:58:36.476] [main/DEBUG] [cpw.mods.modlauncher.TransformationServiceDecorator/MODLAUNCHER]: End scan trigger - transformation service fml
[12Jul2026 13:58:36.504] [main/DEBUG] [net.neoforged.fml.util.ServiceLoaderUtil/CORE]: Found 3 implementations of IModLanguageLoader:
[12Jul2026 13:58:36.505] [main/DEBUG] [net.neoforged.fml.util.ServiceLoaderUtil/CORE]: 	net.neoforged.fml.javafmlmod.FMLJavaModLanguageProvider from loader-4.0.41.jar
[12Jul2026 13:58:36.505] [main/DEBUG] [net.neoforged.fml.util.ServiceLoaderUtil/CORE]: 	net.neoforged.fml.lowcodemod.LowCodeModLanguageProvider from loader-4.0.41.jar
[12Jul2026 13:58:36.506] [main/DEBUG] [net.neoforged.fml.util.ServiceLoaderUtil/CORE]: 	net.neoforged.fml.mclanguageprovider.MinecraftModLanguageProvider from loader-4.0.41.jar
[12Jul2026 13:58:36.507] [main/DEBUG] [net.neoforged.fml.loading.LanguageProviderLoader/CORE]: Found language provider javafml, version 4.0.41
[12Jul2026 13:58:36.508] [main/DEBUG] [net.neoforged.fml.loading.LanguageProviderLoader/CORE]: Found language provider lowcodefml, version 4.0.41
[12Jul2026 13:58:36.508] [main/DEBUG] [net.neoforged.fml.loading.LanguageProviderLoader/CORE]: Found language provider minecraft, version 4.0.41
[12Jul2026 13:58:36.513] [main/DEBUG] [net.neoforged.fml.loading.ModSorter/]: Configured system mods: [minecraft, neoforge]
[12Jul2026 13:58:36.514] [main/DEBUG] [net.neoforged.fml.loading.ModSorter/]: Found system mod: minecraft
[12Jul2026 13:58:36.514] [main/DEBUG] [net.neoforged.fml.loading.ModSorter/]: Found system mod: neoforge
[12Jul2026 13:58:36.516] [main/DEBUG] [net.neoforged.fml.loading.ModSorter/LOADING]: Found 2 mod requirements (2 mandatory, 0 optional)
[12Jul2026 13:58:36.516] [main/DEBUG] [net.neoforged.fml.loading.ModSorter/LOADING]: Found 0 mod requirements missing (0 mandatory, 0 optional)
[12Jul2026 13:58:36.644] [main/DEBUG] [mixin/]: Adding mixin platform agents for container net.neoforged.fml.loading.mixin.FMLMixinContainerHandle@74ad8d05
[12Jul2026 13:58:36.644] [main/DEBUG] [mixin/]: Instancing new MixinPlatformAgentMinecraftForge for net.neoforged.fml.loading.mixin.FMLMixinContainerHandle@74ad8d05
[12Jul2026 13:58:36.644] [main/DEBUG] [mixin/]: MixinPlatformAgentMinecraftForge rejected container net.neoforged.fml.loading.mixin.FMLMixinContainerHandle@74ad8d05
[12Jul2026 13:58:36.644] [main/DEBUG] [mixin/]: Instancing new MixinPlatformAgentDefault for net.neoforged.fml.loading.mixin.FMLMixinContainerHandle@74ad8d05
[12Jul2026 13:58:36.644] [main/DEBUG] [mixin/]: MixinPlatformAgentDefault accepted container net.neoforged.fml.loading.mixin.FMLMixinContainerHandle@74ad8d05
[12Jul2026 13:58:36.645] [main/DEBUG] [mixin/]: Instancing new FMLMixinPlatformAgent for net.neoforged.fml.loading.mixin.FMLMixinContainerHandle@74ad8d05
[12Jul2026 13:58:36.645] [main/DEBUG] [mixin/]: FMLMixinPlatformAgent accepted container net.neoforged.fml.loading.mixin.FMLMixinContainerHandle@74ad8d05
[12Jul2026 13:58:36.651] [main/DEBUG] [cpw.mods.modlauncher.TransformationServicesHandler/MODLAUNCHER]: Transformation services loading transformers
[12Jul2026 13:58:36.652] [main/DEBUG] [cpw.mods.modlauncher.TransformationServiceDecorator/MODLAUNCHER]: Initializing transformers for transformation service mixin
[12Jul2026 13:58:36.652] [main/DEBUG] [cpw.mods.modlauncher.TransformationServiceDecorator/MODLAUNCHER]: Initialized transformers for transformation service mixin
[12Jul2026 13:58:36.652] [main/DEBUG] [cpw.mods.modlauncher.TransformationServiceDecorator/MODLAUNCHER]: Initializing transformers for transformation service fml
[12Jul2026 13:58:36.653] [main/DEBUG] [net.neoforged.fml.loading.FMLServiceProvider/LOADING]: Loading coremod transformers
[12Jul2026 13:58:36.653] [main/DEBUG] [net.neoforged.fml.loading.FMLServiceProvider/CORE]: Not loading coremod script-engine since no mod requested it
[12Jul2026 13:58:36.655] [main/DEBUG] [net.neoforged.fml.util.ServiceLoaderUtil/CORE]: Found 1 implementations of ICoreMod:
[12Jul2026 13:58:36.655] [main/DEBUG] [net.neoforged.fml.util.ServiceLoaderUtil/CORE]: 	net.neoforged.neoforge.coremods.NeoForgeCoreMod from neoforge-21.1.190.jar > net.neoforged.neoforge-coremods-21.1.190.jar
[12Jul2026 13:58:36.663] [main/DEBUG] [net.neoforged.fml.loading.FMLServiceProvider/CORE]: Adding [Target[className=net.minecraft.world.level.biome.Biome, elementName=, elementDescriptor=, targetType=cpw.mods.modlauncher.api.TargetType@6f152006]] transformer from core-mod net.neoforged.neoforge.coremods.NeoForgeCoreMod@2d5f7182 in neoforge-21.1.190.jar > net.neoforged.neoforge-coremods-21.1.190.jar
[12Jul2026 13:58:36.663] [main/DEBUG] [net.neoforged.fml.loading.FMLServiceProvider/CORE]: Adding [Target[className=net.minecraft.world.level.levelgen.structure.Structure, elementName=, elementDescriptor=, targetType=cpw.mods.modlauncher.api.TargetType@6f152006]] transformer from core-mod net.neoforged.neoforge.coremods.NeoForgeCoreMod@2d5f7182 in neoforge-21.1.190.jar > net.neoforged.neoforge-coremods-21.1.190.jar
[12Jul2026 13:58:36.663] [main/DEBUG] [net.neoforged.fml.loading.FMLServiceProvider/CORE]: Adding [Target[className=net.minecraft.world.level.block.FlowerPotBlock, elementName=, elementDescriptor=, targetType=cpw.mods.modlauncher.api.TargetType@6f152006]] transformer from core-mod net.neoforged.neoforge.coremods.NeoForgeCoreMod@2d5f7182 in neoforge-21.1.190.jar > net.neoforged.neoforge-coremods-21.1.190.jar
[12Jul2026 13:58:36.664] [main/DEBUG] [net.neoforged.fml.loading.FMLServiceProvider/CORE]: Adding [Target[className=net/minecraft/world/entity/monster/Strider, elementName=, elementDescriptor=, targetType=cpw.mods.modlauncher.api.TargetType@6f152006], Target[className=net/minecraft/world/entity/monster/Spider, elementName=, elementDescriptor=, targetType=cpw.mods.modlauncher.api.TargetType@6f152006], Target[className=net/minecraft/world/entity/monster/Zombie, elementName=, elementDescriptor=, targetType=cpw.mods.modlauncher.api.TargetType@6f152006], Target[className=net/minecraft/world/entity/raid/Raid, elementName=, elementDescriptor=, targetType=cpw.mods.modlauncher.api.TargetType@6f152006], Target[className=net/minecraft/world/entity/EntityType, elementName=, elementDescriptor=, targetType=cpw.mods.modlauncher.api.TargetType@6f152006], Target[className=net/minecraft/world/entity/animal/horse/SkeletonTrapGoal, elementName=, elementDescriptor=, targetType=cpw.mods.modlauncher.api.TargetType@6f152006], Target[className=net/minecraft/world/level/levelgen/structure/structures/OceanRuinPieces$OceanRuinPiece, elementName=, elementDescriptor=, targetType=cpw.mods.modlauncher.api.TargetType@6f152006], Target[className=net/minecraft/world/level/levelgen/structure/templatesystem/StructureTemplate, elementName=, elementDescriptor=, targetType=cpw.mods.modlauncher.api.TargetType@6f152006], Target[className=net/minecraft/world/entity/animal/frog/Tadpole, elementName=, elementDescriptor=, targetType=cpw.mods.modlauncher.api.TargetType@6f152006], Target[className=net/minecraft/world/level/levelgen/structure/structures/SwampHutPiece, elementName=, elementDescriptor=, targetType=cpw.mods.modlauncher.api.TargetType@6f152006], Target[className=net/minecraft/world/level/levelgen/PhantomSpawner, elementName=, elementDescriptor=, targetType=cpw.mods.modlauncher.api.TargetType@6f152006], Target[className=net/minecraft/world/entity/npc/Villager, elementName=, elementDescriptor=, targetType=cpw.mods.modlauncher.api.TargetType@6f152006], Target[className=net/minecraft/server/commands/RaidCommand, elementName=, elementDescriptor=, targetType=cpw.mods.modlauncher.api.TargetType@6f152006], Target[className=net/minecraft/world/entity/ai/village/VillageSiege, elementName=, elementDescriptor=, targetType=cpw.mods.modlauncher.api.TargetType@6f152006], Target[className=net/minecraft/world/level/levelgen/PatrolSpawner, elementName=, elementDescriptor=, targetType=cpw.mods.modlauncher.api.TargetType@6f152006], Target[className=net/minecraft/world/entity/monster/ZombieVillager, elementName=, elementDescriptor=, targetType=cpw.mods.modlauncher.api.TargetType@6f152006], Target[className=net/minecraft/world/entity/monster/Evoker$EvokerSummonSpellGoal, elementName=, elementDescriptor=, targetType=cpw.mods.modlauncher.api.TargetType@6f152006], Target[className=net/minecraft/world/level/levelgen/structure/structures/OceanMonumentPieces$OceanMonumentPiece, elementName=, elementDescriptor=, targetType=cpw.mods.modlauncher.api.TargetType@6f152006], Target[className=net/minecraft/world/level/levelgen/structure/structures/WoodlandMansionPieces$WoodlandMansionPiece, elementName=, elementDescriptor=, targetType=cpw.mods.modlauncher.api.TargetType@6f152006], Target[className=net/minecraft/server/commands/SummonCommand, elementName=, elementDescriptor=, targetType=cpw.mods.modlauncher.api.TargetType@6f152006], Target[className=net/minecraft/world/entity/npc/CatSpawner, elementName=, elementDescriptor=, targetType=cpw.mods.modlauncher.api.TargetType@6f152006], Target[className=net/minecraft/world/level/NaturalSpawner, elementName=, elementDescriptor=, targetType=cpw.mods.modlauncher.api.TargetType@6f152006]] transformer from core-mod net.neoforged.neoforge.coremods.NeoForgeCoreMod@2d5f7182 in neoforge-21.1.190.jar > net.neoforged.neoforge-coremods-21.1.190.jar
[12Jul2026 13:58:36.666] [main/DEBUG] [cpw.mods.modlauncher.TransformStore/MODLAUNCHER]: Adding transformer net.neoforged.neoforge.coremods.ReplaceFieldWithGetterAccess@42fcc7e6 to Target : cpw.mods.modlauncher.api.TargetType@6f152006 {Lnet/minecraft/world/level/biome/Biome;} {} {V}
[12Jul2026 13:58:36.668] [main/DEBUG] [cpw.mods.modlauncher.TransformStore/MODLAUNCHER]: Adding transformer net.neoforged.neoforge.coremods.ReplaceFieldWithGetterAccess@1cb19dba to Target : cpw.mods.modlauncher.api.TargetType@6f152006 {Lnet/minecraft/world/level/levelgen/structure/Structure;} {} {V}
[12Jul2026 13:58:36.668] [main/DEBUG] [cpw.mods.modlauncher.TransformStore/MODLAUNCHER]: Adding transformer net.neoforged.neoforge.coremods.ReplaceFieldWithGetterAccess@7c3ebc6b to Target : cpw.mods.modlauncher.api.TargetType@6f152006 {Lnet/minecraft/world/level/block/FlowerPotBlock;} {} {V}
[12Jul2026 13:58:36.669] [main/DEBUG] [cpw.mods.modlauncher.TransformStore/MODLAUNCHER]: Adding transformer net.neoforged.neoforge.coremods.MethodRedirector@1931d99 to Target : cpw.mods.modlauncher.api.TargetType@6f152006 {Lnet/minecraft/world/entity/monster/Strider;} {} {V}
[12Jul2026 13:58:36.669] [main/DEBUG] [cpw.mods.modlauncher.TransformStore/MODLAUNCHER]: Adding transformer net.neoforged.neoforge.coremods.MethodRedirector@1931d99 to Target : cpw.mods.modlauncher.api.TargetType@6f152006 {Lnet/minecraft/world/entity/monster/Spider;} {} {V}
[12Jul2026 13:58:36.669] [main/DEBUG] [cpw.mods.modlauncher.TransformStore/MODLAUNCHER]: Adding transformer net.neoforged.neoforge.coremods.MethodRedirector@1931d99 to Target : cpw.mods.modlauncher.api.TargetType@6f152006 {Lnet/minecraft/world/entity/monster/Zombie;} {} {V}
[12Jul2026 13:58:36.669] [main/DEBUG] [cpw.mods.modlauncher.TransformStore/MODLAUNCHER]: Adding transformer net.neoforged.neoforge.coremods.MethodRedirector@1931d99 to Target : cpw.mods.modlauncher.api.TargetType@6f152006 {Lnet/minecraft/world/entity/raid/Raid;} {} {V}
[12Jul2026 13:58:36.669] [main/DEBUG] [cpw.mods.modlauncher.TransformStore/MODLAUNCHER]: Adding transformer net.neoforged.neoforge.coremods.MethodRedirector@1931d99 to Target : cpw.mods.modlauncher.api.TargetType@6f152006 {Lnet/minecraft/world/entity/EntityType;} {} {V}
[12Jul2026 13:58:36.669] [main/DEBUG] [cpw.mods.modlauncher.TransformStore/MODLAUNCHER]: Adding transformer net.neoforged.neoforge.coremods.MethodRedirector@1931d99 to Target : cpw.mods.modlauncher.api.TargetType@6f152006 {Lnet/minecraft/world/entity/animal/horse/SkeletonTrapGoal;} {} {V}
[12Jul2026 13:58:36.670] [main/DEBUG] [cpw.mods.modlauncher.TransformStore/MODLAUNCHER]: Adding transformer net.neoforged.neoforge.coremods.MethodRedirector@1931d99 to Target : cpw.mods.modlauncher.api.TargetType@6f152006 {Lnet/minecraft/world/level/levelgen/structure/structures/OceanRuinPieces$OceanRuinPiece;} {} {V}
[12Jul2026 13:58:36.670] [main/DEBUG] [cpw.mods.modlauncher.TransformStore/MODLAUNCHER]: Adding transformer net.neoforged.neoforge.coremods.MethodRedirector@1931d99 to Target : cpw.mods.modlauncher.api.TargetType@6f152006 {Lnet/minecraft/world/level/levelgen/structure/templatesystem/StructureTemplate;} {} {V}
[12Jul2026 13:58:36.670] [main/DEBUG] [cpw.mods.modlauncher.TransformStore/MODLAUNCHER]: Adding transformer net.neoforged.neoforge.coremods.MethodRedirector@1931d99 to Target : cpw.mods.modlauncher.api.TargetType@6f152006 {Lnet/minecraft/world/entity/animal/frog/Tadpole;} {} {V}
[12Jul2026 13:58:36.670] [main/DEBUG] [cpw.mods.modlauncher.TransformStore/MODLAUNCHER]: Adding transformer net.neoforged.neoforge.coremods.MethodRedirector@1931d99 to Target : cpw.mods.modlauncher.api.TargetType@6f152006 {Lnet/minecraft/world/level/levelgen/structure/structures/SwampHutPiece;} {} {V}
[12Jul2026 13:58:36.670] [main/DEBUG] [cpw.mods.modlauncher.TransformStore/MODLAUNCHER]: Adding transformer net.neoforged.neoforge.coremods.MethodRedirector@1931d99 to Target : cpw.mods.modlauncher.api.TargetType@6f152006 {Lnet/minecraft/world/level/levelgen/PhantomSpawner;} {} {V}
[12Jul2026 13:58:36.671] [main/DEBUG] [cpw.mods.modlauncher.TransformStore/MODLAUNCHER]: Adding transformer net.neoforged.neoforge.coremods.MethodRedirector@1931d99 to Target : cpw.mods.modlauncher.api.TargetType@6f152006 {Lnet/minecraft/world/entity/npc/Villager;} {} {V}
[12Jul2026 13:58:36.671] [main/DEBUG] [cpw.mods.modlauncher.TransformStore/MODLAUNCHER]: Adding transformer net.neoforged.neoforge.coremods.MethodRedirector@1931d99 to Target : cpw.mods.modlauncher.api.TargetType@6f152006 {Lnet/minecraft/server/commands/RaidCommand;} {} {V}
[12Jul2026 13:58:36.671] [main/DEBUG] [cpw.mods.modlauncher.TransformStore/MODLAUNCHER]: Adding transformer net.neoforged.neoforge.coremods.MethodRedirector@1931d99 to Target : cpw.mods.modlauncher.api.TargetType@6f152006 {Lnet/minecraft/world/entity/ai/village/VillageSiege;} {} {V}
[12Jul2026 13:58:36.671] [main/DEBUG] [cpw.mods.modlauncher.TransformStore/MODLAUNCHER]: Adding transformer net.neoforged.neoforge.coremods.MethodRedirector@1931d99 to Target : cpw.mods.modlauncher.api.TargetType@6f152006 {Lnet/minecraft/world/level/levelgen/PatrolSpawner;} {} {V}
[12Jul2026 13:58:36.671] [main/DEBUG] [cpw.mods.modlauncher.TransformStore/MODLAUNCHER]: Adding transformer net.neoforged.neoforge.coremods.MethodRedirector@1931d99 to Target : cpw.mods.modlauncher.api.TargetType@6f152006 {Lnet/minecraft/world/entity/monster/ZombieVillager;} {} {V}
[12Jul2026 13:58:36.671] [main/DEBUG] [cpw.mods.modlauncher.TransformStore/MODLAUNCHER]: Adding transformer net.neoforged.neoforge.coremods.MethodRedirector@1931d99 to Target : cpw.mods.modlauncher.api.TargetType@6f152006 {Lnet/minecraft/world/entity/monster/Evoker$EvokerSummonSpellGoal;} {} {V}
[12Jul2026 13:58:36.672] [main/DEBUG] [cpw.mods.modlauncher.TransformStore/MODLAUNCHER]: Adding transformer net.neoforged.neoforge.coremods.MethodRedirector@1931d99 to Target : cpw.mods.modlauncher.api.TargetType@6f152006 {Lnet/minecraft/world/level/levelgen/structure/structures/OceanMonumentPieces$OceanMonumentPiece;} {} {V}
[12Jul2026 13:58:36.672] [main/DEBUG] [cpw.mods.modlauncher.TransformStore/MODLAUNCHER]: Adding transformer net.neoforged.neoforge.coremods.MethodRedirector@1931d99 to Target : cpw.mods.modlauncher.api.TargetType@6f152006 {Lnet/minecraft/world/level/levelgen/structure/structures/WoodlandMansionPieces$WoodlandMansionPiece;} {} {V}
[12Jul2026 13:58:36.672] [main/DEBUG] [cpw.mods.modlauncher.TransformStore/MODLAUNCHER]: Adding transformer net.neoforged.neoforge.coremods.MethodRedirector@1931d99 to Target : cpw.mods.modlauncher.api.TargetType@6f152006 {Lnet/minecraft/server/commands/SummonCommand;} {} {V}
[12Jul2026 13:58:36.672] [main/DEBUG] [cpw.mods.modlauncher.TransformStore/MODLAUNCHER]: Adding transformer net.neoforged.neoforge.coremods.MethodRedirector@1931d99 to Target : cpw.mods.modlauncher.api.TargetType@6f152006 {Lnet/minecraft/world/entity/npc/CatSpawner;} {} {V}
[12Jul2026 13:58:36.672] [main/DEBUG] [cpw.mods.modlauncher.TransformStore/MODLAUNCHER]: Adding transformer net.neoforged.neoforge.coremods.MethodRedirector@1931d99 to Target : cpw.mods.modlauncher.api.TargetType@6f152006 {Lnet/minecraft/world/level/NaturalSpawner;} {} {V}
[12Jul2026 13:58:36.672] [main/DEBUG] [cpw.mods.modlauncher.TransformationServiceDecorator/MODLAUNCHER]: Initialized transformers for transformation service fml
[12Jul2026 13:58:37.274] [main/DEBUG] [mixin/]: Processing prepare() for PlatformAgent[MixinPlatformAgentDefault:ModLauncher Root Container(ModLauncher:4f56a0a2)]
[12Jul2026 13:58:37.275] [main/DEBUG] [mixin/]: Processing prepare() for PlatformAgent[MixinPlatformAgentDefault:net.neoforged.fml.loading.mixin.FMLMixinContainerHandle@74ad8d05]
[12Jul2026 13:58:37.275] [main/DEBUG] [mixin/]: Processing prepare() for PlatformAgent[FMLMixinPlatformAgent:null]
[12Jul2026 13:58:37.308] [main/DEBUG] [mixin/]: Processing launch tasks for PlatformAgent[MixinPlatformAgentDefault:ModLauncher Root Container(ModLauncher:4f56a0a2)]
[12Jul2026 13:58:37.309] [main/DEBUG] [mixin/]: Adding mixin platform agents for container SecureJarResource(mixin_synthetic)
[12Jul2026 13:58:37.309] [main/DEBUG] [mixin/]: Instancing new MixinPlatformAgentMinecraftForge for SecureJarResource(mixin_synthetic)
[12Jul2026 13:58:37.309] [main/DEBUG] [mixin/]: MixinPlatformAgentMinecraftForge rejected container SecureJarResource(mixin_synthetic)
[12Jul2026 13:58:37.309] [main/DEBUG] [mixin/]: Instancing new MixinPlatformAgentDefault for SecureJarResource(mixin_synthetic)
[12Jul2026 13:58:37.309] [main/DEBUG] [mixin/]: MixinPlatformAgentDefault accepted container SecureJarResource(mixin_synthetic)
[12Jul2026 13:58:37.309] [main/DEBUG] [mixin/]: Instancing new FMLMixinPlatformAgent for SecureJarResource(mixin_synthetic)
[12Jul2026 13:58:37.310] [main/DEBUG] [mixin/]: FMLMixinPlatformAgent rejected container SecureJarResource(mixin_synthetic)
[12Jul2026 13:58:37.310] [main/DEBUG] [mixin/]: Processing prepare() for PlatformAgent[MixinPlatformAgentDefault:SecureJarResource(mixin_synthetic)]
[12Jul2026 13:58:37.310] [main/DEBUG] [mixin/]: Adding mixin platform agents for container SecureJarResource(minecraft)
[12Jul2026 13:58:37.310] [main/DEBUG] [mixin/]: Instancing new MixinPlatformAgentMinecraftForge for SecureJarResource(minecraft)
[12Jul2026 13:58:37.310] [main/DEBUG] [mixin/]: MixinPlatformAgentMinecraftForge rejected container SecureJarResource(minecraft)
[12Jul2026 13:58:37.310] [main/DEBUG] [mixin/]: Instancing new MixinPlatformAgentDefault for SecureJarResource(minecraft)
[12Jul2026 13:58:37.310] [main/DEBUG] [mixin/]: MixinPlatformAgentDefault accepted container SecureJarResource(minecraft)
[12Jul2026 13:58:37.310] [main/DEBUG] [mixin/]: Instancing new FMLMixinPlatformAgent for SecureJarResource(minecraft)
[12Jul2026 13:58:37.311] [main/DEBUG] [mixin/]: FMLMixinPlatformAgent rejected container SecureJarResource(minecraft)
[12Jul2026 13:58:37.311] [main/DEBUG] [mixin/]: Processing prepare() for PlatformAgent[MixinPlatformAgentDefault:SecureJarResource(minecraft)]
[12Jul2026 13:58:37.311] [main/DEBUG] [mixin/]: Adding mixin platform agents for container SecureJarResource(masterchef_restaurant)
[12Jul2026 13:58:37.311] [main/DEBUG] [mixin/]: Instancing new MixinPlatformAgentMinecraftForge for SecureJarResource(masterchef_restaurant)
[12Jul2026 13:58:37.311] [main/DEBUG] [mixin/]: MixinPlatformAgentMinecraftForge rejected container SecureJarResource(masterchef_restaurant)
[12Jul2026 13:58:37.311] [main/DEBUG] [mixin/]: Instancing new MixinPlatformAgentDefault for SecureJarResource(masterchef_restaurant)
[12Jul2026 13:58:37.311] [main/DEBUG] [mixin/]: MixinPlatformAgentDefault accepted container SecureJarResource(masterchef_restaurant)
[12Jul2026 13:58:37.311] [main/DEBUG] [mixin/]: Instancing new FMLMixinPlatformAgent for SecureJarResource(masterchef_restaurant)
[12Jul2026 13:58:37.312] [main/DEBUG] [mixin/]: FMLMixinPlatformAgent rejected container SecureJarResource(masterchef_restaurant)
[12Jul2026 13:58:37.312] [main/DEBUG] [mixin/]: Processing prepare() for PlatformAgent[MixinPlatformAgentDefault:SecureJarResource(masterchef_restaurant)]
[12Jul2026 13:58:37.312] [main/DEBUG] [mixin/]: Adding mixin platform agents for container SecureJarResource(mixinextras.neoforge)
[12Jul2026 13:58:37.312] [main/DEBUG] [mixin/]: Instancing new MixinPlatformAgentMinecraftForge for SecureJarResource(mixinextras.neoforge)
[12Jul2026 13:58:37.312] [main/DEBUG] [mixin/]: MixinPlatformAgentMinecraftForge rejected container SecureJarResource(mixinextras.neoforge)
[12Jul2026 13:58:37.312] [main/DEBUG] [mixin/]: Instancing new MixinPlatformAgentDefault for SecureJarResource(mixinextras.neoforge)
[12Jul2026 13:58:37.312] [main/DEBUG] [mixin/]: MixinPlatformAgentDefault accepted container SecureJarResource(mixinextras.neoforge)
[12Jul2026 13:58:37.312] [main/DEBUG] [mixin/]: Instancing new FMLMixinPlatformAgent for SecureJarResource(mixinextras.neoforge)
[12Jul2026 13:58:37.312] [main/DEBUG] [mixin/]: FMLMixinPlatformAgent rejected container SecureJarResource(mixinextras.neoforge)
[12Jul2026 13:58:37.312] [main/DEBUG] [mixin/]: Processing prepare() for PlatformAgent[MixinPlatformAgentDefault:SecureJarResource(mixinextras.neoforge)]
[12Jul2026 13:58:37.313] [main/DEBUG] [mixin/]: Registering mixin config: mixinextras.init.mixins.json source=SecureJarResource(mixinextras.neoforge)
[12Jul2026 13:58:37.314] [main/DEBUG] [mixin/]: inject() running with 6 agents
[12Jul2026 13:58:37.314] [main/DEBUG] [mixin/]: Processing inject() for PlatformAgent[MixinPlatformAgentDefault:ModLauncher Root Container(ModLauncher:4f56a0a2)]
[12Jul2026 13:58:37.314] [main/DEBUG] [mixin/]: Processing inject() for PlatformAgent[MixinPlatformAgentDefault:net.neoforged.fml.loading.mixin.FMLMixinContainerHandle@74ad8d05]
[12Jul2026 13:58:37.315] [main/DEBUG] [mixin/]: Processing inject() for PlatformAgent[FMLMixinPlatformAgent:null]
[12Jul2026 13:58:37.315] [main/DEBUG] [mixin/]: Processing inject() for PlatformAgent[MixinPlatformAgentDefault:SecureJarResource(mixin_synthetic)]
[12Jul2026 13:58:37.315] [main/DEBUG] [mixin/]: Processing inject() for PlatformAgent[MixinPlatformAgentDefault:SecureJarResource(minecraft)]
[12Jul2026 13:58:37.315] [main/DEBUG] [mixin/]: Processing inject() for PlatformAgent[MixinPlatformAgentDefault:SecureJarResource(masterchef_restaurant)]
[12Jul2026 13:58:37.315] [main/DEBUG] [mixin/]: Processing inject() for PlatformAgent[MixinPlatformAgentDefault:SecureJarResource(mixinextras.neoforge)]
[12Jul2026 13:58:37.315] [main/INFO] [cpw.mods.modlauncher.LaunchServiceHandler/MODLAUNCHER]: Launching target 'forgeclientdev' with arguments [--version, 21.1.190, --gameDir, ., --assetsDir, C:\Users\barte\.mcreator\gradle\caches\neoformruntime\assets, --assetIndex, 17]
[12Jul2026 13:58:37.348] [main/DEBUG] [mixin/]: Preparing mixins for MixinEnvironment[DEFAULT]
[12Jul2026 13:58:37.349] [main/DEBUG] [mixin/]: Selecting config neoforge.mixins.json
[12Jul2026 13:58:37.353] [main/DEBUG] [mixin/]: Selecting config mixinextras.init.mixins.json
[12Jul2026 13:58:37.378] [main/DEBUG] [MixinExtras|Service/]: com.llamalad7.mixinextras.service.MixinExtrasServiceImpl(version=0.4.1) is taking over from null
[12Jul2026 13:58:37.410] [main/DEBUG] [mixin/]: Registering new injector for @Inject with org.spongepowered.asm.mixin.injection.struct.CallbackInjectionInfo
[12Jul2026 13:58:37.412] [main/DEBUG] [mixin/]: Registering new injector for @ModifyArg with org.spongepowered.asm.mixin.injection.struct.ModifyArgInjectionInfo
[12Jul2026 13:58:37.412] [main/DEBUG] [mixin/]: Registering new injector for @ModifyArgs with org.spongepowered.asm.mixin.injection.struct.ModifyArgsInjectionInfo
[12Jul2026 13:58:37.413] [main/DEBUG] [mixin/]: Registering new injector for @Redirect with org.spongepowered.asm.mixin.injection.struct.RedirectInjectionInfo
[12Jul2026 13:58:37.415] [main/DEBUG] [mixin/]: Registering new injector for @ModifyVariable with org.spongepowered.asm.mixin.injection.struct.ModifyVariableInjectionInfo
[12Jul2026 13:58:37.416] [main/DEBUG] [mixin/]: Registering new injector for @ModifyConstant with org.spongepowered.asm.mixin.injection.struct.ModifyConstantInjectionInfo
[12Jul2026 13:58:37.428] [main/DEBUG] [mixin/]: Preparing neoforge.mixins.json (2)
[12Jul2026 13:58:37.472] [main/DEBUG] [mixin/]: Preparing mixinextras.init.mixins.json (0)
[12Jul2026 13:58:37.638] [main/DEBUG] [io.netty.util.internal.logging.InternalLoggerFactory/]: Using SLF4J as the default logging framework
[12Jul2026 13:58:37.641] [main/DEBUG] [io.netty.util.ResourceLeakDetector/]: -Dio.netty.leakDetection.level: simple
[12Jul2026 13:58:37.641] [main/DEBUG] [io.netty.util.ResourceLeakDetector/]: -Dio.netty.leakDetection.targetRecords: 4
[12Jul2026 13:58:38.436] [main/DEBUG] [oshi.util.FileUtil/]: No oshi.properties file found from ClassLoader cpw.mods.modlauncher.TransformingClassLoader@35088e87
[12Jul2026 13:58:38.722] [Datafixer Bootstrap/INFO] [com.mojang.datafixers.DataFixerBuilder/]: 229 Datafixer optimizations took 305 milliseconds
[12Jul2026 13:58:38.796] [main/DEBUG] [oshi.util.FileUtil/]: No oshi.architecture.properties file found from ClassLoader cpw.mods.modlauncher.TransformingClassLoader@35088e87
[12Jul2026 13:58:38.873] [pool-7-thread-1/INFO] [MixinExtras|Service/]: Initializing MixinExtras via com.llamalad7.mixinextras.service.MixinExtrasServiceImpl(version=0.4.1).
[12Jul2026 13:58:38.874] [pool-7-thread-1/DEBUG] [mixin/]: Registering new injector for @SugarWrapper with com.llamalad7.mixinextras.sugar.impl.SugarWrapperInjectionInfo
[12Jul2026 13:58:38.875] [pool-7-thread-1/DEBUG] [mixin/]: Registering new injector for @FactoryRedirectWrapper with com.llamalad7.mixinextras.wrapper.factory.FactoryRedirectWrapperInjectionInfo
[12Jul2026 13:58:38.880] [pool-7-thread-1/DEBUG] [mixin/]: Mixing MappedRegistryAccessor from neoforge.mixins.json into net.minecraft.core.MappedRegistry
[12Jul2026 13:58:38.884] [pool-7-thread-1/DEBUG] [mixin/]: neoforge.mixins.json:MappedRegistryAccessor from mod neoforge: Class version 65 required is higher than the class version supported by the current version of Mixin (JAVA_16 supports class version 60)
[12Jul2026 13:58:39.749] [pool-7-thread-1/DEBUG] [mixin/]: Mixing BlockEntityTypeAccessor from neoforge.mixins.json into net.minecraft.world.level.block.entity.BlockEntityType
[12Jul2026 13:58:39.749] [pool-7-thread-1/DEBUG] [mixin/]: neoforge.mixins.json:BlockEntityTypeAccessor from mod neoforge: Class version 65 required is higher than the class version supported by the current version of Mixin (JAVA_16 supports class version 60)
[12Jul2026 13:58:40.744] [pool-7-thread-1/DEBUG] [io.netty.util.internal.PlatformDependent0/]: -Dio.netty.noUnsafe: false
[12Jul2026 13:58:40.744] [pool-7-thread-1/DEBUG] [io.netty.util.internal.PlatformDependent0/]: Java version: 21
[12Jul2026 13:58:40.745] [pool-7-thread-1/DEBUG] [io.netty.util.internal.PlatformDependent0/]: sun.misc.Unsafe.theUnsafe: available
[12Jul2026 13:58:40.745] [pool-7-thread-1/DEBUG] [io.netty.util.internal.PlatformDependent0/]: sun.misc.Unsafe.copyMemory: available
[12Jul2026 13:58:40.745] [pool-7-thread-1/DEBUG] [io.netty.util.internal.PlatformDependent0/]: sun.misc.Unsafe.storeFence: available
[12Jul2026 13:58:40.746] [pool-7-thread-1/DEBUG] [io.netty.util.internal.PlatformDependent0/]: java.nio.Buffer.address: available
[12Jul2026 13:58:40.746] [pool-7-thread-1/DEBUG] [io.netty.util.internal.PlatformDependent0/]: direct buffer constructor: unavailable: Reflective setAccessible(true) disabled
[12Jul2026 13:58:40.747] [pool-7-thread-1/DEBUG] [io.netty.util.internal.PlatformDependent0/]: java.nio.Bits.unaligned: available, true
[12Jul2026 13:58:40.748] [pool-7-thread-1/DEBUG] [io.netty.util.internal.PlatformDependent0/]: jdk.internal.misc.Unsafe.allocateUninitializedArray(int): unavailable: class io.netty.util.internal.PlatformDependent0$7 (in module io.netty.common) cannot access class jdk.internal.misc.Unsafe (in module java.base) because module java.base does not export jdk.internal.misc to module io.netty.common
[12Jul2026 13:58:40.748] [pool-7-thread-1/DEBUG] [io.netty.util.internal.PlatformDependent0/]: java.nio.DirectByteBuffer.<init>(long, {int,long}): unavailable
[12Jul2026 13:58:40.749] [pool-7-thread-1/DEBUG] [io.netty.util.internal.PlatformDependent/]: sun.misc.Unsafe: available
[12Jul2026 13:58:40.749] [pool-7-thread-1/DEBUG] [io.netty.util.internal.PlatformDependent/]: maxDirectMemory: 8518631424 bytes (maybe)
[12Jul2026 13:58:40.750] [pool-7-thread-1/DEBUG] [io.netty.util.internal.PlatformDependent/]: -Dio.netty.tmpdir: C:\Users\barte\AppData\Local\Temp (java.io.tmpdir)
[12Jul2026 13:58:40.750] [pool-7-thread-1/DEBUG] [io.netty.util.internal.PlatformDependent/]: -Dio.netty.bitMode: 64 (sun.arch.data.model)
[12Jul2026 13:58:40.750] [pool-7-thread-1/DEBUG] [io.netty.util.internal.PlatformDependent/]: Platform: Windows
[12Jul2026 13:58:40.751] [pool-7-thread-1/DEBUG] [io.netty.util.internal.PlatformDependent/]: -Dio.netty.maxDirectMemory: -1 bytes
[12Jul2026 13:58:40.751] [pool-7-thread-1/DEBUG] [io.netty.util.internal.PlatformDependent/]: -Dio.netty.uninitializedArrayAllocationThreshold: -1
[12Jul2026 13:58:40.752] [pool-7-thread-1/DEBUG] [io.netty.util.internal.CleanerJava9/]: java.nio.ByteBuffer.cleaner(): available
[12Jul2026 13:58:40.752] [pool-7-thread-1/DEBUG] [io.netty.util.internal.PlatformDependent/]: -Dio.netty.noPreferDirect: false
[12Jul2026 13:58:42.630] [main/WARN] [net.minecraft.commands.Commands/]: Ambiguity between arguments [teleport, location] and [teleport, destination] with inputs: [0.1 -0.5 .9, 0 0 0]
[12Jul2026 13:58:42.632] [main/WARN] [net.minecraft.commands.Commands/]: Ambiguity between arguments [teleport, location] and [teleport, targets] with inputs: [0.1 -0.5 .9, 0 0 0]
[12Jul2026 13:58:42.634] [main/WARN] [net.minecraft.commands.Commands/]: Ambiguity between arguments [teleport, destination] and [teleport, targets] with inputs: [Player, 0123, @e, dd12be42-52a9-4a91-a8a1-11c01849e498]
[12Jul2026 13:58:42.635] [main/WARN] [net.minecraft.commands.Commands/]: Ambiguity between arguments [teleport, targets] and [teleport, destination] with inputs: [Player, 0123, dd12be42-52a9-4a91-a8a1-11c01849e498]
[12Jul2026 13:58:42.636] [main/WARN] [net.minecraft.commands.Commands/]: Ambiguity between arguments [teleport, targets, location] and [teleport, targets, destination] with inputs: [0.1 -0.5 .9, 0 0 0]
[12Jul2026 13:58:42.736] [Render thread/WARN] [net.minecraft.server.packs.VanillaPackResourcesBuilder/]: Assets URL 'union:/C:/Users/barte/MCreatorWorkspaces/masterchef_restaurant/build/moddev/artifacts/neoforge-21.1.190.jar%23189!/assets/.mcassetsroot' uses unexpected schema
[12Jul2026 13:58:42.736] [Render thread/WARN] [net.minecraft.server.packs.VanillaPackResourcesBuilder/]: Assets URL 'union:/C:/Users/barte/MCreatorWorkspaces/masterchef_restaurant/build/moddev/artifacts/neoforge-21.1.190.jar%23189!/data/.mcassetsroot' uses unexpected schema
[12Jul2026 13:58:42.757] [Render thread/INFO] [com.mojang.authlib.yggdrasil.YggdrasilAuthenticationService/]: Environment: Environment[sessionHost=https://sessionserver.mojang.com, servicesHost=https://api.minecraftservices.com, name=PROD]
[12Jul2026 13:58:42.766] [Render thread/INFO] [net.minecraft.client.Minecraft/]: Setting user: Dev
[12Jul2026 13:58:42.844] [Render thread/INFO] [net.minecraft.client.Minecraft/]: Backend library: LWJGL version 3.3.3+5
[12Jul2026 13:58:42.970] [Render thread/DEBUG] [net.neoforged.fml.ModWorkManager/LOADING]: Using 12 threads for parallel mod-loading
[12Jul2026 13:58:42.984] [Render thread/DEBUG] [net.neoforged.fml.javafmlmod.FMLModContainer/LOADING]: Creating FMLModContainer instance for [net.neoforged.neoforge.common.NeoForgeMod, net.neoforged.neoforge.client.ClientNeoForgeMod]
[12Jul2026 13:58:42.990] [Render thread/DEBUG] [net.neoforged.fml.javafmlmod.FMLModContainer/LOADING]: Creating FMLModContainer instance for [net.mcreator.masterchefrestaurant.MasterchefRestaurantMod]
[12Jul2026 13:58:43.013] [modloading-worker-0/DEBUG] [net.neoforged.neoforge.internal.versions.neoforge.NeoForgeVersion/CORE]: Found NeoForge version 21.1.190
[12Jul2026 13:58:43.014] [modloading-worker-0/DEBUG] [net.neoforged.neoforge.internal.versions.neoforge.NeoForgeVersion/CORE]: Found FML version 4.0.41
[12Jul2026 13:58:43.014] [modloading-worker-0/INFO] [net.neoforged.neoforge.common.NeoForgeMod/NEOFORGE-MOD]: NeoForge mod loading, version 21.1.190, for MC 1.21.1
[12Jul2026 13:58:43.057] [modloading-worker-0/DEBUG] [net.neoforged.fml.config.ConfigTracker/CONFIG]: Config file neoforge-client.toml for neoforge tracking
[12Jul2026 13:58:43.057] [modloading-worker-0/DEBUG] [net.neoforged.fml.config.ConfigTracker/CONFIG]: Config file neoforge-server.toml for neoforge tracking
[12Jul2026 13:58:43.057] [modloading-worker-0/DEBUG] [net.neoforged.fml.config.ConfigTracker/CONFIG]: Config file neoforge-common.toml for neoforge tracking
[12Jul2026 13:58:43.101] [modloading-worker-0/DEBUG] [net.neoforged.fml.javafmlmod.AutomaticEventSubscriber/LOADING]: Attempting to inject @EventBusSubscriber classes into the eventbus for neoforge
[12Jul2026 13:58:43.102] [modloading-worker-0/DEBUG] [net.neoforged.fml.javafmlmod.AutomaticEventSubscriber/LOADING]: Scanning class net.neoforged.neoforge.server.command.ConfigCommand for @SubscribeEvent-annotated methods
[12Jul2026 13:58:43.103] [modloading-worker-0/DEBUG] [net.neoforged.fml.javafmlmod.AutomaticEventSubscriber/]: Subscribing @EventBusSubscriber class Lnet/neoforged/neoforge/server/command/ConfigCommand; to the game event bus
[12Jul2026 13:58:43.104] [modloading-worker-0/DEBUG] [net.neoforged.fml.javafmlmod.AutomaticEventSubscriber/LOADING]: Scanning class net.neoforged.neoforge.network.filters.GenericPacketSplitter for @SubscribeEvent-annotated methods
[12Jul2026 13:58:43.124] [modloading-worker-0/DEBUG] [io.netty.buffer.AbstractByteBuf/]: -Dio.netty.buffer.checkAccessible: true
[12Jul2026 13:58:43.124] [modloading-worker-0/DEBUG] [io.netty.buffer.AbstractByteBuf/]: -Dio.netty.buffer.checkBounds: true
[12Jul2026 13:58:43.125] [modloading-worker-0/DEBUG] [io.netty.util.ResourceLeakDetectorFactory/]: Loaded default ResourceLeakDetector: io.netty.util.ResourceLeakDetector@64f21c59
[12Jul2026 13:58:43.131] [modloading-worker-0/DEBUG] [io.netty.util.internal.InternalThreadLocalMap/]: -Dio.netty.threadLocalMap.stringBuilder.initialSize: 1024
[12Jul2026 13:58:43.131] [modloading-worker-0/DEBUG] [io.netty.util.internal.InternalThreadLocalMap/]: -Dio.netty.threadLocalMap.stringBuilder.maxSize: 4096
[12Jul2026 13:58:43.133] [modloading-worker-0/DEBUG] [io.netty.buffer.PooledByteBufAllocator/]: -Dio.netty.allocator.numHeapArenas: 24
[12Jul2026 13:58:43.134] [modloading-worker-0/DEBUG] [io.netty.buffer.PooledByteBufAllocator/]: -Dio.netty.allocator.numDirectArenas: 24
[12Jul2026 13:58:43.134] [modloading-worker-0/DEBUG] [io.netty.buffer.PooledByteBufAllocator/]: -Dio.netty.allocator.pageSize: 8192
[12Jul2026 13:58:43.134] [modloading-worker-0/DEBUG] [io.netty.buffer.PooledByteBufAllocator/]: -Dio.netty.allocator.maxOrder: 9
[12Jul2026 13:58:43.134] [modloading-worker-0/DEBUG] [io.netty.buffer.PooledByteBufAllocator/]: -Dio.netty.allocator.chunkSize: 4194304
[12Jul2026 13:58:43.134] [modloading-worker-0/DEBUG] [io.netty.buffer.PooledByteBufAllocator/]: -Dio.netty.allocator.smallCacheSize: 256
[12Jul2026 13:58:43.134] [modloading-worker-0/DEBUG] [io.netty.buffer.PooledByteBufAllocator/]: -Dio.netty.allocator.normalCacheSize: 64
[12Jul2026 13:58:43.134] [modloading-worker-0/DEBUG] [io.netty.buffer.PooledByteBufAllocator/]: -Dio.netty.allocator.maxCachedBufferCapacity: 32768
[12Jul2026 13:58:43.134] [modloading-worker-0/DEBUG] [io.netty.buffer.PooledByteBufAllocator/]: -Dio.netty.allocator.cacheTrimInterval: 8192
[12Jul2026 13:58:43.134] [modloading-worker-0/DEBUG] [io.netty.buffer.PooledByteBufAllocator/]: -Dio.netty.allocator.cacheTrimIntervalMillis: 0
[12Jul2026 13:58:43.134] [modloading-worker-0/DEBUG] [io.netty.buffer.PooledByteBufAllocator/]: -Dio.netty.allocator.useCacheForAllThreads: false
[12Jul2026 13:58:43.134] [modloading-worker-0/DEBUG] [io.netty.buffer.PooledByteBufAllocator/]: -Dio.netty.allocator.maxCachedByteBuffersPerChunk: 1023
[12Jul2026 13:58:43.141] [modloading-worker-0/DEBUG] [io.netty.buffer.ByteBufUtil/]: -Dio.netty.allocator.type: pooled
[12Jul2026 13:58:43.141] [modloading-worker-0/DEBUG] [io.netty.buffer.ByteBufUtil/]: -Dio.netty.threadLocalDirectBufferSize: 0
[12Jul2026 13:58:43.141] [modloading-worker-0/DEBUG] [io.netty.buffer.ByteBufUtil/]: -Dio.netty.maxThreadLocalCharBufferSize: 16384
[12Jul2026 13:58:43.145] [modloading-worker-0/DEBUG] [net.neoforged.fml.javafmlmod.AutomaticEventSubscriber/]: Subscribing @EventBusSubscriber class Lnet/neoforged/neoforge/network/filters/GenericPacketSplitter; to the mod event bus of mod neoforge
[12Jul2026 13:58:43.147] [modloading-worker-0/DEBUG] [net.neoforged.fml.javafmlmod.AutomaticEventSubscriber/LOADING]: Scanning class net.neoforged.neoforge.network.NetworkInitialization for @SubscribeEvent-annotated methods
[12Jul2026 13:58:43.148] [modloading-worker-0/DEBUG] [net.neoforged.fml.javafmlmod.AutomaticEventSubscriber/]: Subscribing @EventBusSubscriber class Lnet/neoforged/neoforge/network/NetworkInitialization; to the mod event bus of mod neoforge
[12Jul2026 13:58:43.148] [modloading-worker-0/DEBUG] [net.neoforged.fml.javafmlmod.AutomaticEventSubscriber/LOADING]: Scanning class net.neoforged.neoforge.network.ConfigurationInitialization for @SubscribeEvent-annotated methods
[12Jul2026 13:58:43.150] [modloading-worker-0/DEBUG] [net.neoforged.fml.javafmlmod.AutomaticEventSubscriber/]: Subscribing @EventBusSubscriber class Lnet/neoforged/neoforge/network/ConfigurationInitialization; to the mod event bus of mod neoforge
[12Jul2026 13:58:43.151] [modloading-worker-0/DEBUG] [net.neoforged.fml.javafmlmod.AutomaticEventSubscriber/LOADING]: Scanning class net.neoforged.neoforge.common.MonsterRoomHooks for @SubscribeEvent-annotated methods
[12Jul2026 13:58:43.151] [modloading-worker-0/DEBUG] [net.neoforged.fml.javafmlmod.AutomaticEventSubscriber/]: Subscribing @EventBusSubscriber class Lnet/neoforged/neoforge/common/MonsterRoomHooks; to the game event bus
[12Jul2026 13:58:43.151] [modloading-worker-0/DEBUG] [net.neoforged.fml.javafmlmod.AutomaticEventSubscriber/LOADING]: Scanning class net.neoforged.neoforge.common.DeferredSpawnEggItem$CommonHandler for @SubscribeEvent-annotated methods
[12Jul2026 13:58:43.152] [modloading-worker-0/DEBUG] [net.neoforged.fml.javafmlmod.AutomaticEventSubscriber/]: Subscribing @EventBusSubscriber class Lnet/neoforged/neoforge/common/DeferredSpawnEggItem$CommonHandler; to the mod event bus of mod neoforge
[12Jul2026 13:58:43.153] [modloading-worker-0/DEBUG] [net.neoforged.fml.javafmlmod.AutomaticEventSubscriber/LOADING]: Scanning class net.neoforged.neoforge.common.DeferredSpawnEggItem$ColorRegisterHandler for @SubscribeEvent-annotated methods
[12Jul2026 13:58:43.153] [modloading-worker-0/DEBUG] [net.neoforged.fml.javafmlmod.AutomaticEventSubscriber/]: Subscribing @EventBusSubscriber class Lnet/neoforged/neoforge/common/DeferredSpawnEggItem$ColorRegisterHandler; to the mod event bus of mod neoforge
[12Jul2026 13:58:43.154] [modloading-worker-0/DEBUG] [net.neoforged.fml.javafmlmod.AutomaticEventSubscriber/LOADING]: Scanning class net.neoforged.neoforge.client.model.data.ModelDataManager for @SubscribeEvent-annotated methods
[12Jul2026 13:58:43.155] [modloading-worker-0/DEBUG] [net.neoforged.fml.javafmlmod.AutomaticEventSubscriber/]: Subscribing @EventBusSubscriber class Lnet/neoforged/neoforge/client/model/data/ModelDataManager; to the game event bus
[12Jul2026 13:58:43.155] [modloading-worker-0/DEBUG] [net.neoforged.fml.javafmlmod.AutomaticEventSubscriber/LOADING]: Scanning class net.neoforged.neoforge.client.ParticleBoundsDebugRenderer for @SubscribeEvent-annotated methods
[12Jul2026 13:58:43.157] [modloading-worker-0/DEBUG] [net.neoforged.fml.javafmlmod.AutomaticEventSubscriber/]: Subscribing @EventBusSubscriber class Lnet/neoforged/neoforge/client/ParticleBoundsDebugRenderer; to the game event bus
[12Jul2026 13:58:43.158] [modloading-worker-0/DEBUG] [net.neoforged.fml.javafmlmod.AutomaticEventSubscriber/LOADING]: Scanning class net.neoforged.neoforge.client.ClientHooks$ClientEvents for @SubscribeEvent-annotated methods
[12Jul2026 13:58:43.160] [modloading-worker-0/DEBUG] [net.neoforged.fml.javafmlmod.AutomaticEventSubscriber/]: Subscribing @EventBusSubscriber class Lnet/neoforged/neoforge/client/ClientHooks$ClientEvents; to the mod event bus of mod neoforge
[12Jul2026 13:58:43.160] [modloading-worker-0/DEBUG] [net.neoforged.fml.javafmlmod.AutomaticEventSubscriber/LOADING]: Scanning class net.neoforged.neoforge.client.BlockEntityRenderBoundsDebugRenderer for @SubscribeEvent-annotated methods
[12Jul2026 13:58:43.161] [modloading-worker-0/DEBUG] [net.neoforged.fml.javafmlmod.AutomaticEventSubscriber/]: Subscribing @EventBusSubscriber class Lnet/neoforged/neoforge/client/BlockEntityRenderBoundsDebugRenderer; to the game event bus
[12Jul2026 13:58:43.161] [modloading-worker-0/DEBUG] [net.neoforged.fml.javafmlmod.AutomaticEventSubscriber/LOADING]: Scanning class net.neoforged.neoforge.attachment.AttachmentInternals for @SubscribeEvent-annotated methods
[12Jul2026 13:58:43.162] [modloading-worker-0/DEBUG] [net.neoforged.fml.javafmlmod.AutomaticEventSubscriber/]: Subscribing @EventBusSubscriber class Lnet/neoforged/neoforge/attachment/AttachmentInternals; to the game event bus
[12Jul2026 13:58:43.193] [modloading-worker-0/DEBUG] [net.neoforged.fml.javafmlmod.AutomaticEventSubscriber/LOADING]: Attempting to inject @EventBusSubscriber classes into the eventbus for masterchef_restaurant
[12Jul2026 13:58:43.194] [modloading-worker-0/DEBUG] [net.neoforged.fml.javafmlmod.AutomaticEventSubscriber/LOADING]: Scanning class net.mcreator.masterchefrestaurant.client.screens.DebugOverlayOverlay for @SubscribeEvent-annotated methods
[12Jul2026 13:58:43.195] [modloading-worker-0/DEBUG] [net.neoforged.fml.javafmlmod.AutomaticEventSubscriber/]: Subscribing @EventBusSubscriber class Lnet/mcreator/masterchefrestaurant/client/screens/DebugOverlayOverlay; to the game event bus
[12Jul2026 13:58:43.195] [modloading-worker-0/DEBUG] [net.neoforged.fml.javafmlmod.AutomaticEventSubscriber/LOADING]: Scanning class net.mcreator.masterchefrestaurant.command.RestDebugListCommand for @SubscribeEvent-annotated methods
[12Jul2026 13:58:43.196] [modloading-worker-0/DEBUG] [net.neoforged.fml.javafmlmod.AutomaticEventSubscriber/]: Subscribing @EventBusSubscriber class Lnet/mcreator/masterchefrestaurant/command/RestDebugListCommand; to the game event bus
[12Jul2026 13:58:43.196] [modloading-worker-0/DEBUG] [net.neoforged.fml.javafmlmod.AutomaticEventSubscriber/LOADING]: Scanning class net.mcreator.masterchefrestaurant.command.RestDebugModifyNumberCommand for @SubscribeEvent-annotated methods
[12Jul2026 13:58:43.197] [modloading-worker-0/DEBUG] [net.neoforged.fml.javafmlmod.AutomaticEventSubscriber/]: Subscribing @EventBusSubscriber class Lnet/mcreator/masterchefrestaurant/command/RestDebugModifyNumberCommand; to the game event bus
[12Jul2026 13:58:43.197] [modloading-worker-0/DEBUG] [net.neoforged.fml.javafmlmod.AutomaticEventSubscriber/LOADING]: Scanning class net.mcreator.masterchefrestaurant.command.RestDebugRemoveAllCommand for @SubscribeEvent-annotated methods
[12Jul2026 13:58:43.198] [modloading-worker-0/DEBUG] [net.neoforged.fml.javafmlmod.AutomaticEventSubscriber/]: Subscribing @EventBusSubscriber class Lnet/mcreator/masterchefrestaurant/command/RestDebugRemoveAllCommand; to the game event bus
[12Jul2026 13:58:43.198] [modloading-worker-0/DEBUG] [net.neoforged.fml.javafmlmod.AutomaticEventSubscriber/LOADING]: Scanning class net.mcreator.masterchefrestaurant.command.RestDebugRemoveCommand for @SubscribeEvent-annotated methods
[12Jul2026 13:58:43.199] [modloading-worker-0/DEBUG] [net.neoforged.fml.javafmlmod.AutomaticEventSubscriber/]: Subscribing @EventBusSubscriber class Lnet/mcreator/masterchefrestaurant/command/RestDebugRemoveCommand; to the game event bus
[12Jul2026 13:58:43.199] [modloading-worker-0/DEBUG] [net.neoforged.fml.javafmlmod.AutomaticEventSubscriber/LOADING]: Scanning class net.mcreator.masterchefrestaurant.init.MasterchefRestaurantModBlockEntities for @SubscribeEvent-annotated methods
[12Jul2026 13:58:43.199] [modloading-worker-0/DEBUG] [net.neoforged.fml.javafmlmod.AutomaticEventSubscriber/]: Subscribing @EventBusSubscriber class Lnet/mcreator/masterchefrestaurant/init/MasterchefRestaurantModBlockEntities; to the mod event bus of mod masterchef_restaurant
[12Jul2026 13:58:43.200] [modloading-worker-0/DEBUG] [net.neoforged.fml.javafmlmod.AutomaticEventSubscriber/LOADING]: Scanning class net.mcreator.masterchefrestaurant.init.MasterchefRestaurantModEntities for @SubscribeEvent-annotated methods
[12Jul2026 13:58:43.200] [modloading-worker-0/DEBUG] [net.neoforged.fml.javafmlmod.AutomaticEventSubscriber/]: Subscribing @EventBusSubscriber class Lnet/mcreator/masterchefrestaurant/init/MasterchefRestaurantModEntities; to the mod event bus of mod masterchef_restaurant
[12Jul2026 13:58:43.200] [modloading-worker-0/DEBUG] [net.neoforged.fml.javafmlmod.AutomaticEventSubscriber/LOADING]: Scanning class net.mcreator.masterchefrestaurant.init.MasterchefRestaurantModEntityRenderers for @SubscribeEvent-annotated methods
[12Jul2026 13:58:43.201] [modloading-worker-0/DEBUG] [net.neoforged.fml.javafmlmod.AutomaticEventSubscriber/]: Subscribing @EventBusSubscriber class Lnet/mcreator/masterchefrestaurant/init/MasterchefRestaurantModEntityRenderers; to the mod event bus of mod masterchef_restaurant
[12Jul2026 13:58:43.202] [modloading-worker-0/DEBUG] [net.neoforged.fml.javafmlmod.AutomaticEventSubscriber/LOADING]: Scanning class net.mcreator.masterchefrestaurant.init.MasterchefRestaurantModItems for @SubscribeEvent-annotated methods
[12Jul2026 13:58:43.202] [modloading-worker-0/DEBUG] [net.neoforged.fml.javafmlmod.AutomaticEventSubscriber/]: Subscribing @EventBusSubscriber class Lnet/mcreator/masterchefrestaurant/init/MasterchefRestaurantModItems; to the mod event bus of mod masterchef_restaurant
[12Jul2026 13:58:43.202] [modloading-worker-0/DEBUG] [net.neoforged.fml.javafmlmod.AutomaticEventSubscriber/LOADING]: Scanning class net.mcreator.masterchefrestaurant.init.MasterchefRestaurantModModels for @SubscribeEvent-annotated methods
[12Jul2026 13:58:43.203] [modloading-worker-0/DEBUG] [net.neoforged.fml.javafmlmod.AutomaticEventSubscriber/]: Subscribing @EventBusSubscriber class Lnet/mcreator/masterchefrestaurant/init/MasterchefRestaurantModModels; to the mod event bus of mod masterchef_restaurant
[12Jul2026 13:58:43.203] [modloading-worker-0/DEBUG] [net.neoforged.fml.javafmlmod.AutomaticEventSubscriber/LOADING]: Scanning class net.mcreator.masterchefrestaurant.init.MasterchefRestaurantModParticles for @SubscribeEvent-annotated methods
[12Jul2026 13:58:43.204] [modloading-worker-0/DEBUG] [net.neoforged.fml.javafmlmod.AutomaticEventSubscriber/]: Subscribing @EventBusSubscriber class Lnet/mcreator/masterchefrestaurant/init/MasterchefRestaurantModParticles; to the mod event bus of mod masterchef_restaurant
[12Jul2026 13:58:43.204] [modloading-worker-0/DEBUG] [net.neoforged.fml.javafmlmod.AutomaticEventSubscriber/LOADING]: Scanning class net.mcreator.masterchefrestaurant.init.MasterchefRestaurantModScreens for @SubscribeEvent-annotated methods
[12Jul2026 13:58:43.205] [modloading-worker-0/DEBUG] [net.neoforged.fml.javafmlmod.AutomaticEventSubscriber/]: Subscribing @EventBusSubscriber class Lnet/mcreator/masterchefrestaurant/init/MasterchefRestaurantModScreens; to the mod event bus of mod masterchef_restaurant
[12Jul2026 13:58:43.206] [modloading-worker-0/DEBUG] [net.neoforged.fml.javafmlmod.AutomaticEventSubscriber/LOADING]: Scanning class net.mcreator.masterchefrestaurant.init.MasterchefRestaurantModTabs for @SubscribeEvent-annotated methods
[12Jul2026 13:58:43.206] [modloading-worker-0/DEBUG] [net.neoforged.fml.javafmlmod.AutomaticEventSubscriber/]: Subscribing @EventBusSubscriber class Lnet/mcreator/masterchefrestaurant/init/MasterchefRestaurantModTabs; to the mod event bus of mod masterchef_restaurant
[12Jul2026 13:58:43.206] [modloading-worker-0/DEBUG] [net.neoforged.fml.javafmlmod.AutomaticEventSubscriber/LOADING]: Scanning class net.mcreator.masterchefrestaurant.item.inventory.ChefsDiaryInventoryCapability for @SubscribeEvent-annotated methods
[12Jul2026 13:58:43.207] [modloading-worker-0/DEBUG] [net.neoforged.fml.javafmlmod.AutomaticEventSubscriber/]: Subscribing @EventBusSubscriber class Lnet/mcreator/masterchefrestaurant/item/inventory/ChefsDiaryInventoryCapability; to the game event bus
[12Jul2026 13:58:43.207] [modloading-worker-0/DEBUG] [net.neoforged.fml.javafmlmod.AutomaticEventSubscriber/LOADING]: Scanning class net.mcreator.masterchefrestaurant.item.inventory.SpatulaGoldenInventoryCapability for @SubscribeEvent-annotated methods
[12Jul2026 13:58:43.208] [modloading-worker-0/DEBUG] [net.neoforged.fml.javafmlmod.AutomaticEventSubscriber/]: Subscribing @EventBusSubscriber class Lnet/mcreator/masterchefrestaurant/item/inventory/SpatulaGoldenInventoryCapability; to the game event bus
[12Jul2026 13:58:43.209] [modloading-worker-0/DEBUG] [net.neoforged.fml.javafmlmod.AutomaticEventSubscriber/LOADING]: Scanning class net.mcreator.masterchefrestaurant.network.BlocksGuideGUIButtonMessage for @SubscribeEvent-annotated methods
[12Jul2026 13:58:43.210] [modloading-worker-0/DEBUG] [net.neoforged.fml.javafmlmod.AutomaticEventSubscriber/]: Subscribing @EventBusSubscriber class Lnet/mcreator/masterchefrestaurant/network/BlocksGuideGUIButtonMessage; to the mod event bus of mod masterchef_restaurant
[12Jul2026 13:58:43.211] [modloading-worker-0/DEBUG] [net.neoforged.fml.javafmlmod.AutomaticEventSubscriber/LOADING]: Scanning class net.mcreator.masterchefrestaurant.network.BlocksGuideP2GUIButtonMessage for @SubscribeEvent-annotated methods
[12Jul2026 13:58:43.212] [modloading-worker-0/DEBUG] [net.neoforged.fml.javafmlmod.AutomaticEventSubscriber/]: Subscribing @EventBusSubscriber class Lnet/mcreator/masterchefrestaurant/network/BlocksGuideP2GUIButtonMessage; to the mod event bus of mod masterchef_restaurant
[12Jul2026 13:58:43.213] [modloading-worker-0/DEBUG] [net.neoforged.fml.javafmlmod.AutomaticEventSubscriber/LOADING]: Scanning class net.mcreator.masterchefrestaurant.network.BlocksGuideP3GUIButtonMessage for @SubscribeEvent-annotated methods
[12Jul2026 13:58:43.214] [modloading-worker-0/DEBUG] [net.neoforged.fml.javafmlmod.AutomaticEventSubscriber/]: Subscribing @EventBusSubscriber class Lnet/mcreator/masterchefrestaurant/network/BlocksGuideP3GUIButtonMessage; to the mod event bus of mod masterchef_restaurant
[12Jul2026 13:58:43.214] [modloading-worker-0/DEBUG] [net.neoforged.fml.javafmlmod.AutomaticEventSubscriber/LOADING]: Scanning class net.mcreator.masterchefrestaurant.network.CheckboxPacketToClientMessage for @SubscribeEvent-annotated methods
[12Jul2026 13:58:43.215] [modloading-worker-0/DEBUG] [net.neoforged.fml.javafmlmod.AutomaticEventSubscriber/]: Subscribing @EventBusSubscriber class Lnet/mcreator/masterchefrestaurant/network/CheckboxPacketToClientMessage; to the mod event bus of mod masterchef_restaurant
[12Jul2026 13:58:43.215] [modloading-worker-0/DEBUG] [net.neoforged.fml.javafmlmod.AutomaticEventSubscriber/LOADING]: Scanning class net.mcreator.masterchefrestaurant.network.CheckboxPacketToServerMessage for @SubscribeEvent-annotated methods
[12Jul2026 13:58:43.217] [modloading-worker-0/DEBUG] [net.neoforged.fml.javafmlmod.AutomaticEventSubscriber/]: Subscribing @EventBusSubscriber class Lnet/mcreator/masterchefrestaurant/network/CheckboxPacketToServerMessage; to the mod event bus of mod masterchef_restaurant
[12Jul2026 13:58:43.217] [modloading-worker-0/DEBUG] [net.neoforged.fml.javafmlmod.AutomaticEventSubscriber/LOADING]: Scanning class net.mcreator.masterchefrestaurant.network.ChefsDiaryApplienceGUIButtonMessage for @SubscribeEvent-annotated methods
[12Jul2026 13:58:43.218] [modloading-worker-0/DEBUG] [net.neoforged.fml.javafmlmod.AutomaticEventSubscriber/]: Subscribing @EventBusSubscriber class Lnet/mcreator/masterchefrestaurant/network/ChefsDiaryApplienceGUIButtonMessage; to the mod event bus of mod masterchef_restaurant
[12Jul2026 13:58:43.219] [modloading-worker-0/DEBUG] [net.neoforged.fml.javafmlmod.AutomaticEventSubscriber/LOADING]: Scanning class net.mcreator.masterchefrestaurant.network.ChefsDiaryClientsGUIButtonMessage for @SubscribeEvent-annotated methods
[12Jul2026 13:58:43.220] [modloading-worker-0/DEBUG] [net.neoforged.fml.javafmlmod.AutomaticEventSubscriber/]: Subscribing @EventBusSubscriber class Lnet/mcreator/masterchefrestaurant/network/ChefsDiaryClientsGUIButtonMessage; to the mod event bus of mod masterchef_restaurant
[12Jul2026 13:58:43.220] [modloading-worker-0/DEBUG] [net.neoforged.fml.javafmlmod.AutomaticEventSubscriber/LOADING]: Scanning class net.mcreator.masterchefrestaurant.network.ChefsDiaryFoodGUIButtonMessage for @SubscribeEvent-annotated methods
[12Jul2026 13:58:43.221] [modloading-worker-0/DEBUG] [net.neoforged.fml.javafmlmod.AutomaticEventSubscriber/]: Subscribing @EventBusSubscriber class Lnet/mcreator/masterchefrestaurant/network/ChefsDiaryFoodGUIButtonMessage; to the mod event bus of mod masterchef_restaurant
[12Jul2026 13:58:43.222] [modloading-worker-0/DEBUG] [net.neoforged.fml.javafmlmod.AutomaticEventSubscriber/LOADING]: Scanning class net.mcreator.masterchefrestaurant.network.ChefsDiaryGUIButtonMessage for @SubscribeEvent-annotated methods
[12Jul2026 13:58:43.223] [modloading-worker-0/DEBUG] [net.neoforged.fml.javafmlmod.AutomaticEventSubscriber/]: Subscribing @EventBusSubscriber class Lnet/mcreator/masterchefrestaurant/network/ChefsDiaryGUIButtonMessage; to the mod event bus of mod masterchef_restaurant
[12Jul2026 13:58:43.224] [modloading-worker-0/DEBUG] [net.neoforged.fml.javafmlmod.AutomaticEventSubscriber/LOADING]: Scanning class net.mcreator.masterchefrestaurant.network.ChefsDiaryStatsGUIButtonMessage for @SubscribeEvent-annotated methods
[12Jul2026 13:58:43.225] [modloading-worker-0/DEBUG] [net.neoforged.fml.javafmlmod.AutomaticEventSubscriber/]: Subscribing @EventBusSubscriber class Lnet/mcreator/masterchefrestaurant/network/ChefsDiaryStatsGUIButtonMessage; to the mod event bus of mod masterchef_restaurant
[12Jul2026 13:58:43.225] [modloading-worker-0/DEBUG] [net.neoforged.fml.javafmlmod.AutomaticEventSubscriber/LOADING]: Scanning class net.mcreator.masterchefrestaurant.network.ClosingOrderGUIPacketToServerMessage for @SubscribeEvent-annotated methods
[12Jul2026 13:58:43.226] [modloading-worker-0/DEBUG] [net.neoforged.fml.javafmlmod.AutomaticEventSubscriber/]: Subscribing @EventBusSubscriber class Lnet/mcreator/masterchefrestaurant/network/ClosingOrderGUIPacketToServerMessage; to the mod event bus of mod masterchef_restaurant
[12Jul2026 13:58:43.227] [modloading-worker-0/DEBUG] [net.neoforged.fml.javafmlmod.AutomaticEventSubscriber/LOADING]: Scanning class net.mcreator.masterchefrestaurant.network.CreateRestaurantGUIButtonMessage for @SubscribeEvent-annotated methods
[12Jul2026 13:58:43.228] [modloading-worker-0/DEBUG] [net.neoforged.fml.javafmlmod.AutomaticEventSubscriber/]: Subscribing @EventBusSubscriber class Lnet/mcreator/masterchefrestaurant/network/CreateRestaurantGUIButtonMessage; to the mod event bus of mod masterchef_restaurant
[12Jul2026 13:58:43.228] [modloading-worker-0/DEBUG] [net.neoforged.fml.javafmlmod.AutomaticEventSubscriber/LOADING]: Scanning class net.mcreator.masterchefrestaurant.network.ExpLevelGuideGUIButtonMessage for @SubscribeEvent-annotated methods
[12Jul2026 13:58:43.230] [modloading-worker-0/DEBUG] [net.neoforged.fml.javafmlmod.AutomaticEventSubscriber/]: Subscribing @EventBusSubscriber class Lnet/mcreator/masterchefrestaurant/network/ExpLevelGuideGUIButtonMessage; to the mod event bus of mod masterchef_restaurant
[12Jul2026 13:58:43.230] [modloading-worker-0/DEBUG] [net.neoforged.fml.javafmlmod.AutomaticEventSubscriber/LOADING]: Scanning class net.mcreator.masterchefrestaurant.network.LocationGuideGUIButtonMessage for @SubscribeEvent-annotated methods
[12Jul2026 13:58:43.232] [modloading-worker-0/DEBUG] [net.neoforged.fml.javafmlmod.AutomaticEventSubscriber/]: Subscribing @EventBusSubscriber class Lnet/mcreator/masterchefrestaurant/network/LocationGuideGUIButtonMessage; to the mod event bus of mod masterchef_restaurant
[12Jul2026 13:58:43.232] [modloading-worker-0/DEBUG] [net.neoforged.fml.javafmlmod.AutomaticEventSubscriber/LOADING]: Scanning class net.mcreator.masterchefrestaurant.network.MasterchefRestaurantModVariables for @SubscribeEvent-annotated methods
[12Jul2026 13:58:43.233] [modloading-worker-0/DEBUG] [net.neoforged.fml.javafmlmod.AutomaticEventSubscriber/LOADING]: Found mix of game bus and mod bus listeners in @EventBusSubscriber class Lnet/mcreator/masterchefrestaurant/network/MasterchefRestaurantModVariables;, registering them separately
[12Jul2026 13:58:43.233] [modloading-worker-0/DEBUG] [net.neoforged.fml.javafmlmod.AutomaticEventSubscriber/LOADING]: Subscribing method public static void net.mcreator.masterchefrestaurant.network.MasterchefRestaurantModVariables.init(net.neoforged.fml.event.lifecycle.FMLCommonSetupEvent) to the event bus of mod masterchef_restaurant
[12Jul2026 13:58:43.234] [modloading-worker-0/DEBUG] [net.neoforged.fml.javafmlmod.AutomaticEventSubscriber/LOADING]: Subscribing method public static void net.mcreator.masterchefrestaurant.network.MasterchefRestaurantModVariables.onPlayerChangedDimensionSyncPlayerVariables(net.neoforged.neoforge.event.entity.player.PlayerEvent$PlayerChangedDimensionEvent) to the game event bus
[12Jul2026 13:58:43.234] [modloading-worker-0/DEBUG] [net.neoforged.fml.javafmlmod.AutomaticEventSubscriber/LOADING]: Subscribing method public static void net.mcreator.masterchefrestaurant.network.MasterchefRestaurantModVariables.onPlayerLoggedIn(net.neoforged.neoforge.event.entity.player.PlayerEvent$PlayerLoggedInEvent) to the game event bus
[12Jul2026 13:58:43.234] [modloading-worker-0/DEBUG] [net.neoforged.fml.javafmlmod.AutomaticEventSubscriber/LOADING]: Subscribing method public static void net.mcreator.masterchefrestaurant.network.MasterchefRestaurantModVariables.clonePlayer(net.neoforged.neoforge.event.entity.player.PlayerEvent$Clone) to the game event bus
[12Jul2026 13:58:43.235] [modloading-worker-0/DEBUG] [net.neoforged.fml.javafmlmod.AutomaticEventSubscriber/LOADING]: Subscribing method public static void net.mcreator.masterchefrestaurant.network.MasterchefRestaurantModVariables.onWorldTick(net.neoforged.neoforge.event.tick.LevelTickEvent$Post) to the game event bus
[12Jul2026 13:58:43.235] [modloading-worker-0/DEBUG] [net.neoforged.fml.javafmlmod.AutomaticEventSubscriber/LOADING]: Subscribing method public static void net.mcreator.masterchefrestaurant.network.MasterchefRestaurantModVariables.onPlayerChangedDimension(net.neoforged.neoforge.event.entity.player.PlayerEvent$PlayerChangedDimensionEvent) to the game event bus
[12Jul2026 13:58:43.235] [modloading-worker-0/DEBUG] [net.neoforged.fml.javafmlmod.AutomaticEventSubscriber/LOADING]: Subscribing method public static void net.mcreator.masterchefrestaurant.network.MasterchefRestaurantModVariables.onPlayerLoggedInSyncPlayerVariables(net.neoforged.neoforge.event.entity.player.PlayerEvent$PlayerLoggedInEvent) to the game event bus
[12Jul2026 13:58:43.235] [modloading-worker-0/DEBUG] [net.neoforged.fml.javafmlmod.AutomaticEventSubscriber/LOADING]: Subscribing method public static void net.mcreator.masterchefrestaurant.network.MasterchefRestaurantModVariables.onPlayerRespawnedSyncPlayerVariables(net.neoforged.neoforge.event.entity.player.PlayerEvent$PlayerRespawnEvent) to the game event bus
[12Jul2026 13:58:43.235] [modloading-worker-0/DEBUG] [net.neoforged.fml.javafmlmod.AutomaticEventSubscriber/LOADING]: Subscribing method public static void net.mcreator.masterchefrestaurant.network.MasterchefRestaurantModVariables.onPlayerTickUpdateSyncPlayerVariables(net.neoforged.neoforge.event.tick.PlayerTickEvent$Post) to the game event bus
[12Jul2026 13:58:43.236] [modloading-worker-0/DEBUG] [net.neoforged.fml.javafmlmod.AutomaticEventSubscriber/LOADING]: Scanning class net.mcreator.masterchefrestaurant.network.MenuPacketToClientMessage for @SubscribeEvent-annotated methods
[12Jul2026 13:58:43.237] [modloading-worker-0/DEBUG] [net.neoforged.fml.javafmlmod.AutomaticEventSubscriber/]: Subscribing @EventBusSubscriber class Lnet/mcreator/masterchefrestaurant/network/MenuPacketToClientMessage; to the mod event bus of mod masterchef_restaurant
[12Jul2026 13:58:43.237] [modloading-worker-0/DEBUG] [net.neoforged.fml.javafmlmod.AutomaticEventSubscriber/LOADING]: Scanning class net.mcreator.masterchefrestaurant.network.MenuPacketToServerMessage for @SubscribeEvent-annotated methods
[12Jul2026 13:58:43.239] [modloading-worker-0/DEBUG] [net.neoforged.fml.javafmlmod.AutomaticEventSubscriber/]: Subscribing @EventBusSubscriber class Lnet/mcreator/masterchefrestaurant/network/MenuPacketToServerMessage; to the mod event bus of mod masterchef_restaurant
[12Jul2026 13:58:43.239] [modloading-worker-0/DEBUG] [net.neoforged.fml.javafmlmod.AutomaticEventSubscriber/LOADING]: Scanning class net.mcreator.masterchefrestaurant.network.MenuStateUpdateMessage for @SubscribeEvent-annotated methods
[12Jul2026 13:58:43.241] [modloading-worker-0/DEBUG] [net.neoforged.fml.javafmlmod.AutomaticEventSubscriber/]: Subscribing @EventBusSubscriber class Lnet/mcreator/masterchefrestaurant/network/MenuStateUpdateMessage; to the mod event bus of mod masterchef_restaurant
[12Jul2026 13:58:43.241] [modloading-worker-0/DEBUG] [net.neoforged.fml.javafmlmod.AutomaticEventSubscriber/LOADING]: Scanning class net.mcreator.masterchefrestaurant.network.OpenGuideGUIButtonMessage for @SubscribeEvent-annotated methods
[12Jul2026 13:58:43.242] [modloading-worker-0/DEBUG] [net.neoforged.fml.javafmlmod.AutomaticEventSubscriber/]: Subscribing @EventBusSubscriber class Lnet/mcreator/masterchefrestaurant/network/OpenGuideGUIButtonMessage; to the mod event bus of mod masterchef_restaurant
[12Jul2026 13:58:43.243] [modloading-worker-0/DEBUG] [net.neoforged.fml.javafmlmod.AutomaticEventSubscriber/LOADING]: Scanning class net.mcreator.masterchefrestaurant.network.OverlayPacketMessage for @SubscribeEvent-annotated methods
[12Jul2026 13:58:43.244] [modloading-worker-0/DEBUG] [net.neoforged.fml.javafmlmod.AutomaticEventSubscriber/]: Subscribing @EventBusSubscriber class Lnet/mcreator/masterchefrestaurant/network/OverlayPacketMessage; to the mod event bus of mod masterchef_restaurant
[12Jul2026 13:58:43.244] [modloading-worker-0/DEBUG] [net.neoforged.fml.javafmlmod.AutomaticEventSubscriber/LOADING]: Scanning class net.mcreator.masterchefrestaurant.network.PatiancePacketToClientMessage for @SubscribeEvent-annotated methods
[12Jul2026 13:58:43.246] [modloading-worker-0/DEBUG] [net.neoforged.fml.javafmlmod.AutomaticEventSubscriber/]: Subscribing @EventBusSubscriber class Lnet/mcreator/masterchefrestaurant/network/PatiancePacketToClientMessage; to the mod event bus of mod masterchef_restaurant
[12Jul2026 13:58:43.246] [modloading-worker-0/DEBUG] [net.neoforged.fml.javafmlmod.AutomaticEventSubscriber/LOADING]: Scanning class net.mcreator.masterchefrestaurant.network.RestaurantManagementGUIButtonMessage for @SubscribeEvent-annotated methods
[12Jul2026 13:58:43.247] [modloading-worker-0/DEBUG] [net.neoforged.fml.javafmlmod.AutomaticEventSubscriber/]: Subscribing @EventBusSubscriber class Lnet/mcreator/masterchefrestaurant/network/RestaurantManagementGUIButtonMessage; to the mod event bus of mod masterchef_restaurant
[12Jul2026 13:58:43.247] [modloading-worker-0/DEBUG] [net.neoforged.fml.javafmlmod.AutomaticEventSubscriber/LOADING]: Scanning class net.mcreator.masterchefrestaurant.network.ServeGuideGUIButtonMessage for @SubscribeEvent-annotated methods
[12Jul2026 13:58:43.249] [modloading-worker-0/DEBUG] [net.neoforged.fml.javafmlmod.AutomaticEventSubscriber/]: Subscribing @EventBusSubscriber class Lnet/mcreator/masterchefrestaurant/network/ServeGuideGUIButtonMessage; to the mod event bus of mod masterchef_restaurant
[12Jul2026 13:58:43.249] [modloading-worker-0/DEBUG] [net.neoforged.fml.javafmlmod.AutomaticEventSubscriber/LOADING]: Scanning class net.mcreator.masterchefrestaurant.network.ServeGuideP2GUIButtonMessage for @SubscribeEvent-annotated methods
[12Jul2026 13:58:43.250] [modloading-worker-0/DEBUG] [net.neoforged.fml.javafmlmod.AutomaticEventSubscriber/]: Subscribing @EventBusSubscriber class Lnet/mcreator/masterchefrestaurant/network/ServeGuideP2GUIButtonMessage; to the mod event bus of mod masterchef_restaurant
[12Jul2026 13:58:43.251] [modloading-worker-0/DEBUG] [net.neoforged.fml.javafmlmod.AutomaticEventSubscriber/LOADING]: Scanning class net.mcreator.masterchefrestaurant.network.ServePacketToServerMessage for @SubscribeEvent-annotated methods
[12Jul2026 13:58:43.252] [modloading-worker-0/DEBUG] [net.neoforged.fml.javafmlmod.AutomaticEventSubscriber/]: Subscribing @EventBusSubscriber class Lnet/mcreator/masterchefrestaurant/network/ServePacketToServerMessage; to the mod event bus of mod masterchef_restaurant
[12Jul2026 13:58:43.252] [modloading-worker-0/DEBUG] [net.neoforged.fml.javafmlmod.AutomaticEventSubscriber/LOADING]: Scanning class net.mcreator.masterchefrestaurant.network.SetUpGuideGUIButtonMessage for @SubscribeEvent-annotated methods
[12Jul2026 13:58:43.253] [modloading-worker-0/DEBUG] [net.neoforged.fml.javafmlmod.AutomaticEventSubscriber/]: Subscribing @EventBusSubscriber class Lnet/mcreator/masterchefrestaurant/network/SetUpGuideGUIButtonMessage; to the mod event bus of mod masterchef_restaurant
[12Jul2026 13:58:43.254] [modloading-worker-0/DEBUG] [net.neoforged.fml.javafmlmod.AutomaticEventSubscriber/LOADING]: Scanning class net.mcreator.masterchefrestaurant.network.SpatulaGuideGUIButtonMessage for @SubscribeEvent-annotated methods
[12Jul2026 13:58:43.255] [modloading-worker-0/DEBUG] [net.neoforged.fml.javafmlmod.AutomaticEventSubscriber/]: Subscribing @EventBusSubscriber class Lnet/mcreator/masterchefrestaurant/network/SpatulaGuideGUIButtonMessage; to the mod event bus of mod masterchef_restaurant
[12Jul2026 13:58:43.255] [modloading-worker-0/DEBUG] [net.neoforged.fml.javafmlmod.AutomaticEventSubscriber/LOADING]: Scanning class net.mcreator.masterchefrestaurant.procedures.CreatingClientsDatabaseJsonFileProcedure for @SubscribeEvent-annotated methods
[12Jul2026 13:58:43.256] [modloading-worker-0/DEBUG] [net.neoforged.fml.javafmlmod.AutomaticEventSubscriber/]: Subscribing @EventBusSubscriber class Lnet/mcreator/masterchefrestaurant/procedures/CreatingClientsDatabaseJsonFileProcedure; to the game event bus
[12Jul2026 13:58:43.257] [modloading-worker-0/DEBUG] [net.neoforged.fml.javafmlmod.AutomaticEventSubscriber/LOADING]: Scanning class net.mcreator.masterchefrestaurant.procedures.CreatingFoodListJsonProcedure for @SubscribeEvent-annotated methods
[12Jul2026 13:58:43.258] [modloading-worker-0/DEBUG] [net.neoforged.fml.javafmlmod.AutomaticEventSubscriber/]: Subscribing @EventBusSubscriber class Lnet/mcreator/masterchefrestaurant/procedures/CreatingFoodListJsonProcedure; to the game event bus
[12Jul2026 13:58:43.258] [modloading-worker-0/DEBUG] [net.neoforged.fml.javafmlmod.AutomaticEventSubscriber/LOADING]: Scanning class net.mcreator.masterchefrestaurant.procedures.CreatingRestaurantJsonFileProcedure for @SubscribeEvent-annotated methods
[12Jul2026 13:58:43.259] [modloading-worker-0/DEBUG] [net.neoforged.fml.javafmlmod.AutomaticEventSubscriber/]: Subscribing @EventBusSubscriber class Lnet/mcreator/masterchefrestaurant/procedures/CreatingRestaurantJsonFileProcedure; to the game event bus
[12Jul2026 13:58:43.259] [modloading-worker-0/DEBUG] [net.neoforged.fml.javafmlmod.AutomaticEventSubscriber/LOADING]: Scanning class net.mcreator.masterchefrestaurant.procedures.DestroyBlockWhenRestaurantOpenProcedure for @SubscribeEvent-annotated methods
[12Jul2026 13:58:43.260] [modloading-worker-0/DEBUG] [net.neoforged.fml.javafmlmod.AutomaticEventSubscriber/]: Subscribing @EventBusSubscriber class Lnet/mcreator/masterchefrestaurant/procedures/DestroyBlockWhenRestaurantOpenProcedure; to the game event bus
[12Jul2026 13:58:43.260] [modloading-worker-0/DEBUG] [net.neoforged.fml.javafmlmod.AutomaticEventSubscriber/LOADING]: Scanning class net.mcreator.masterchefrestaurant.procedures.IsPlayerNotHoldingSpatulaProcedure for @SubscribeEvent-annotated methods
[12Jul2026 13:58:43.261] [modloading-worker-0/DEBUG] [net.neoforged.fml.javafmlmod.AutomaticEventSubscriber/]: Subscribing @EventBusSubscriber class Lnet/mcreator/masterchefrestaurant/procedures/IsPlayerNotHoldingSpatulaProcedure; to the game event bus
[12Jul2026 13:58:43.261] [modloading-worker-0/DEBUG] [net.neoforged.fml.javafmlmod.AutomaticEventSubscriber/LOADING]: Scanning class net.mcreator.masterchefrestaurant.procedures.LateSleepProcedure for @SubscribeEvent-annotated methods
[12Jul2026 13:58:43.262] [modloading-worker-0/DEBUG] [net.neoforged.fml.javafmlmod.AutomaticEventSubscriber/]: Subscribing @EventBusSubscriber class Lnet/mcreator/masterchefrestaurant/procedures/LateSleepProcedure; to the game event bus
[12Jul2026 13:58:43.262] [modloading-worker-0/DEBUG] [net.neoforged.fml.javafmlmod.AutomaticEventSubscriber/LOADING]: Scanning class net.mcreator.masterchefrestaurant.procedures.LookingAtTargetProcedure for @SubscribeEvent-annotated methods
[12Jul2026 13:58:43.263] [modloading-worker-0/DEBUG] [net.neoforged.fml.javafmlmod.AutomaticEventSubscriber/]: Subscribing @EventBusSubscriber class Lnet/mcreator/masterchefrestaurant/procedures/LookingAtTargetProcedure; to the game event bus
[12Jul2026 13:58:43.264] [modloading-worker-0/DEBUG] [net.neoforged.fml.javafmlmod.AutomaticEventSubscriber/LOADING]: Scanning class net.mcreator.masterchefrestaurant.procedures.OnWorldTickUpdateProcedure for @SubscribeEvent-annotated methods
[12Jul2026 13:58:43.264] [modloading-worker-0/DEBUG] [net.neoforged.fml.javafmlmod.AutomaticEventSubscriber/]: Subscribing @EventBusSubscriber class Lnet/mcreator/masterchefrestaurant/procedures/OnWorldTickUpdateProcedure; to the game event bus
[12Jul2026 13:58:43.265] [modloading-worker-0/DEBUG] [net.neoforged.fml.javafmlmod.AutomaticEventSubscriber/LOADING]: Scanning class net.mcreator.masterchefrestaurant.procedures.PlaceBlockWhenRestaurantOpenProcedure for @SubscribeEvent-annotated methods
[12Jul2026 13:58:43.265] [modloading-worker-0/DEBUG] [net.neoforged.fml.javafmlmod.AutomaticEventSubscriber/]: Subscribing @EventBusSubscriber class Lnet/mcreator/masterchefrestaurant/procedures/PlaceBlockWhenRestaurantOpenProcedure; to the game event bus
[12Jul2026 13:58:43.266] [modloading-worker-0/DEBUG] [net.neoforged.fml.javafmlmod.AutomaticEventSubscriber/LOADING]: Scanning class net.mcreator.masterchefrestaurant.procedures.ReceptionIsDestroyedWithQueueRugsProcedure for @SubscribeEvent-annotated methods
[12Jul2026 13:58:43.266] [modloading-worker-0/DEBUG] [net.neoforged.fml.javafmlmod.AutomaticEventSubscriber/]: Subscribing @EventBusSubscriber class Lnet/mcreator/masterchefrestaurant/procedures/ReceptionIsDestroyedWithQueueRugsProcedure; to the game event bus
[12Jul2026 13:58:43.267] [modloading-worker-0/DEBUG] [net.neoforged.fml.javafmlmod.AutomaticEventSubscriber/LOADING]: Scanning class net.mcreator.masterchefrestaurant.procedures.RugQueueIsDestroyedProcedure for @SubscribeEvent-annotated methods
[12Jul2026 13:58:43.268] [modloading-worker-0/DEBUG] [net.neoforged.fml.javafmlmod.AutomaticEventSubscriber/]: Subscribing @EventBusSubscriber class Lnet/mcreator/masterchefrestaurant/procedures/RugQueueIsDestroyedProcedure; to the game event bus
[12Jul2026 13:58:43.268] [modloading-worker-0/DEBUG] [net.neoforged.fml.javafmlmod.AutomaticEventSubscriber/LOADING]: Scanning class net.mcreator.masterchefrestaurant.procedures.ServiceTableBlockIsDestroyedProcedure for @SubscribeEvent-annotated methods
[12Jul2026 13:58:43.269] [modloading-worker-0/DEBUG] [net.neoforged.fml.javafmlmod.AutomaticEventSubscriber/]: Subscribing @EventBusSubscriber class Lnet/mcreator/masterchefrestaurant/procedures/ServiceTableBlockIsDestroyedProcedure; to the game event bus
[12Jul2026 13:58:43.269] [modloading-worker-0/DEBUG] [net.neoforged.fml.javafmlmod.AutomaticEventSubscriber/LOADING]: Scanning class net.mcreator.masterchefrestaurant.procedures.SetSpatulaStateToNormalProcedure$SetSpatulaStateToNormalMessage for @SubscribeEvent-annotated methods
[12Jul2026 13:58:43.271] [modloading-worker-0/DEBUG] [net.neoforged.fml.javafmlmod.AutomaticEventSubscriber/]: Subscribing @EventBusSubscriber class Lnet/mcreator/masterchefrestaurant/procedures/SetSpatulaStateToNormalProcedure$SetSpatulaStateToNormalMessage; to the mod event bus of mod masterchef_restaurant
[12Jul2026 13:58:43.271] [modloading-worker-0/DEBUG] [net.neoforged.fml.javafmlmod.AutomaticEventSubscriber/LOADING]: Scanning class net.mcreator.masterchefrestaurant.procedures.SetSpatulaStateToNormalProcedure for @SubscribeEvent-annotated methods
[12Jul2026 13:58:43.272] [modloading-worker-0/DEBUG] [net.neoforged.fml.javafmlmod.AutomaticEventSubscriber/]: Subscribing @EventBusSubscriber class Lnet/mcreator/masterchefrestaurant/procedures/SetSpatulaStateToNormalProcedure; to the game event bus
[12Jul2026 13:58:43.272] [modloading-worker-0/DEBUG] [net.neoforged.fml.javafmlmod.AutomaticEventSubscriber/LOADING]: Scanning class net.mcreator.masterchefrestaurant.procedures.TranslucentEntityRenderProcedure for @SubscribeEvent-annotated methods
[12Jul2026 13:58:43.274] [modloading-worker-0/DEBUG] [net.neoforged.fml.javafmlmod.AutomaticEventSubscriber/]: Subscribing @EventBusSubscriber class Lnet/mcreator/masterchefrestaurant/procedures/TranslucentEntityRenderProcedure; to the game event bus
[12Jul2026 13:58:43.275] [modloading-worker-0/DEBUG] [net.neoforged.fml.javafmlmod.AutomaticEventSubscriber/LOADING]: Scanning class net.mcreator.masterchefrestaurant.world.inventory.ChefsDiaryStatsGUIMenu for @SubscribeEvent-annotated methods
[12Jul2026 13:58:43.277] [modloading-worker-0/DEBUG] [net.neoforged.fml.javafmlmod.AutomaticEventSubscriber/]: Subscribing @EventBusSubscriber class Lnet/mcreator/masterchefrestaurant/world/inventory/ChefsDiaryStatsGUIMenu; to the game event bus
[12Jul2026 13:58:43.279] [modloading-worker-0/DEBUG] [net.neoforged.fml.javafmlmod.AutomaticEventSubscriber/LOADING]: Scanning class net.mcreator.masterchefrestaurant.world.inventory.ClientOrderGUIMenu for @SubscribeEvent-annotated methods
[12Jul2026 13:58:43.283] [modloading-worker-0/DEBUG] [net.neoforged.fml.javafmlmod.AutomaticEventSubscriber/]: Subscribing @EventBusSubscriber class Lnet/mcreator/masterchefrestaurant/world/inventory/ClientOrderGUIMenu; to the game event bus
[12Jul2026 13:58:43.283] [modloading-worker-0/DEBUG] [net.neoforged.fml.javafmlmod.AutomaticEventSubscriber/LOADING]: Scanning class net.mcreator.masterchefrestaurant.world.inventory.RestaurantManagementGUIMenu for @SubscribeEvent-annotated methods
[12Jul2026 13:58:43.284] [modloading-worker-0/DEBUG] [net.neoforged.fml.javafmlmod.AutomaticEventSubscriber/]: Subscribing @EventBusSubscriber class Lnet/mcreator/masterchefrestaurant/world/inventory/RestaurantManagementGUIMenu; to the game event bus
[12Jul2026 13:58:43.421] [modloading-sync-worker/DEBUG] [net.neoforged.fml.config.ConfigTracker/CONFIG]: Loading configs type CLIENT
[12Jul2026 13:58:43.428] [modloading-sync-worker/DEBUG] [net.neoforged.neoforge.common.NeoForgeConfig/FORGEMOD]: Loaded NeoForge config file neoforge-client.toml
[12Jul2026 13:58:43.428] [modloading-sync-worker/DEBUG] [net.neoforged.fml.config.ConfigTracker/CONFIG]: Loaded TOML config file C:\Users\barte\MCreatorWorkspaces\masterchef_restaurant\run\config\neoforge-client.toml
[12Jul2026 13:58:43.435] [modloading-sync-worker/DEBUG] [net.neoforged.fml.config.ConfigTracker/CONFIG]: Watching TOML config file C:\Users\barte\MCreatorWorkspaces\masterchef_restaurant\run\config\neoforge-client.toml for changes
[12Jul2026 13:58:43.435] [modloading-sync-worker/DEBUG] [net.neoforged.fml.config.ConfigTracker/CONFIG]: Loading configs type COMMON
[12Jul2026 13:58:43.436] [modloading-sync-worker/DEBUG] [net.neoforged.neoforge.common.NeoForgeConfig/FORGEMOD]: Loaded NeoForge config file neoforge-common.toml
[12Jul2026 13:58:43.436] [modloading-sync-worker/DEBUG] [net.neoforged.fml.config.ConfigTracker/CONFIG]: Loaded TOML config file C:\Users\barte\MCreatorWorkspaces\masterchef_restaurant\run\config\neoforge-common.toml
[12Jul2026 13:58:43.437] [modloading-sync-worker/DEBUG] [net.neoforged.fml.config.ConfigTracker/CONFIG]: Watching TOML config file C:\Users\barte\MCreatorWorkspaces\masterchef_restaurant\run\config\neoforge-common.toml for changes
[12Jul2026 13:58:43.820] [Render thread/INFO] [net.neoforged.neoforge.gametest.GameTestHooks/]: Enabled Gametest Namespaces: []
[12Jul2026 13:58:44.043] [Render thread/INFO] [net.minecraft.server.packs.resources.ReloadableResourceManager/]: Reloading ResourceManager: vanilla, mod_resources, mod/neoforge, mod/masterchef_restaurant
[12Jul2026 13:58:44.129] [Worker-Main-4/INFO] [net.minecraft.client.gui.font.providers.UnihexProvider/]: Found unifont_all_no_pua-15.1.05.hex, loading
[12Jul2026 13:58:44.134] [Render thread/DEBUG] [net.neoforged.fml.DeferredWorkQueue/LOADING]: Dispatching synchronous work for work queue Common setup: 1 jobs
[12Jul2026 13:58:44.135] [Render thread/DEBUG] [net.neoforged.fml.DeferredWorkQueue/LOADING]: Synchronous work queue completed in 1.114 ms
[12Jul2026 13:58:44.236] [Worker-Main-5/INFO] [net.minecraft.client.gui.font.providers.UnihexProvider/]: Found unifont_jp_patch-15.1.05.hex, loading
[12Jul2026 13:58:44.407] [Worker-Main-5/WARN] [net.minecraft.client.renderer.texture.SpriteLoader/]: Texture masterchef_restaurant:item/bell_icon with size 32x26 limits mip level from 2 to 1
[12Jul2026 13:58:45.347] [Render thread/WARN] [net.minecraft.client.sounds.SoundEngine/]: Missing sound for event: minecraft:item.goat_horn.play
[12Jul2026 13:58:45.347] [Render thread/WARN] [net.minecraft.client.sounds.SoundEngine/]: Missing sound for event: minecraft:entity.goat.screaming.horn_break
[12Jul2026 13:58:46.026] [Render thread/INFO] [com.mojang.blaze3d.audio.Library/]: OpenAL initialized on device OpenAL Soft on Głośniki (Realtek(R) Audio)
[12Jul2026 13:58:46.028] [Render thread/INFO] [net.minecraft.client.sounds.SoundEngine/SOUNDS]: Sound engine started
[12Jul2026 13:58:46.133] [Render thread/INFO] [net.minecraft.client.renderer.texture.TextureAtlas/]: Created: 1024x512x2 minecraft:textures/atlas/blocks.png-atlas
[12Jul2026 13:58:46.414] [Render thread/INFO] [net.minecraft.client.renderer.texture.TextureAtlas/]: Created: 256x256x2 minecraft:textures/atlas/signs.png-atlas
[12Jul2026 13:58:46.420] [Render thread/INFO] [net.minecraft.client.renderer.texture.TextureAtlas/]: Created: 512x512x2 minecraft:textures/atlas/shield_patterns.png-atlas
[12Jul2026 13:58:46.426] [Render thread/INFO] [net.minecraft.client.renderer.texture.TextureAtlas/]: Created: 512x512x2 minecraft:textures/atlas/banner_patterns.png-atlas
[12Jul2026 13:58:46.434] [Render thread/INFO] [net.minecraft.client.renderer.texture.TextureAtlas/]: Created: 1024x1024x2 minecraft:textures/atlas/armor_trims.png-atlas
[12Jul2026 13:58:46.499] [Render thread/INFO] [net.minecraft.client.renderer.texture.TextureAtlas/]: Created: 128x64x2 minecraft:textures/atlas/decorated_pot.png-atlas
[12Jul2026 13:58:46.503] [Render thread/INFO] [net.minecraft.client.renderer.texture.TextureAtlas/]: Created: 256x256x2 minecraft:textures/atlas/chest.png-atlas
[12Jul2026 13:58:46.505] [Render thread/INFO] [net.minecraft.client.renderer.texture.TextureAtlas/]: Created: 512x256x2 minecraft:textures/atlas/shulker_boxes.png-atlas
[12Jul2026 13:58:46.509] [Render thread/INFO] [net.minecraft.client.renderer.texture.TextureAtlas/]: Created: 512x256x2 minecraft:textures/atlas/beds.png-atlas
[12Jul2026 13:58:46.571] [Render thread/INFO] [net.minecraft.client.renderer.texture.TextureAtlas/]: Created: 512x256x0 minecraft:textures/atlas/particles.png-atlas
[12Jul2026 13:58:46.587] [Render thread/INFO] [net.minecraft.client.renderer.texture.TextureAtlas/]: Created: 512x256x0 minecraft:textures/atlas/paintings.png-atlas
[12Jul2026 13:58:46.590] [Render thread/INFO] [net.minecraft.client.renderer.texture.TextureAtlas/]: Created: 256x128x0 minecraft:textures/atlas/mob_effects.png-atlas
[12Jul2026 13:58:46.593] [Render thread/INFO] [net.minecraft.client.renderer.texture.TextureAtlas/]: Created: 64x64x0 minecraft:textures/atlas/map_decorations.png-atlas
[12Jul2026 13:58:46.596] [Render thread/INFO] [net.minecraft.client.renderer.texture.TextureAtlas/]: Created: 1024x512x0 minecraft:textures/atlas/gui.png-atlas
[12Jul2026 13:58:46.667] [Render thread/WARN] [net.minecraft.client.renderer.ShaderInstance/]: Shader rendertype_entity_translucent_emissive could not find sampler named Sampler2 in the specified shader program.
[12Jul2026 13:58:46.737] [Render thread/INFO] [net.neoforged.neoforge.client.entity.animation.json.AnimationLoader/]: Loaded 0 entity animations
[12Jul2026 13:59:01.164] [Render thread/INFO] [net.minecraft.world.item.crafting.RecipeManager/]: Loaded 1297 recipes
[12Jul2026 13:59:01.320] [Render thread/INFO] [net.minecraft.advancements.AdvancementTree/]: Loaded 1406 advancements
[12Jul2026 13:59:03.092] [Render thread/DEBUG] [net.neoforged.neoforge.common.CommonHooks/WP]: Gathered mod list to write to world save test12345678912
[12Jul2026 13:59:03.119] [Server thread/INFO] [net.minecraft.client.server.IntegratedServer/]: Starting integrated minecraft server version 1.21.1
[12Jul2026 13:59:03.119] [Server thread/INFO] [net.minecraft.server.MinecraftServer/]: Generating keypair
[12Jul2026 13:59:03.182] [Server thread/DEBUG] [net.neoforged.fml.config.ConfigTracker/CONFIG]: Loading configs type SERVER
[12Jul2026 13:59:03.183] [Server thread/DEBUG] [net.neoforged.neoforge.common.NeoForgeConfig/FORGEMOD]: Loaded NeoForge config file neoforge-server.toml
[12Jul2026 13:59:03.183] [Server thread/DEBUG] [net.neoforged.fml.config.ConfigTracker/CONFIG]: Loaded TOML config file C:\Users\barte\MCreatorWorkspaces\masterchef_restaurant\run\config\neoforge-server.toml
[12Jul2026 13:59:03.183] [Server thread/DEBUG] [net.neoforged.fml.config.ConfigTracker/CONFIG]: Watching TOML config file C:\Users\barte\MCreatorWorkspaces\masterchef_restaurant\run\config\neoforge-server.toml for changes
[12Jul2026 13:59:03.597] [Server thread/INFO] [net.minecraft.server.MinecraftServer/]: Preparing start region for dimension minecraft:overworld
[12Jul2026 13:59:03.634] [progressListener/INFO] [net.minecraft.server.level.progress.LoggerChunkProgressListener/]: Preparing spawn area: 2%
[12Jul2026 13:59:03.768] [Server thread/INFO] [net.neoforged.neoforge.server.permission.PermissionAPI/]: Successfully initialized permission handler neoforge:default_handler
[12Jul2026 13:59:03.769] [progressListener/INFO] [net.minecraft.server.level.progress.LoggerChunkProgressListener/]: Time elapsed: 156 ms
[12Jul2026 13:59:03.810] [Server thread/INFO] [net.minecraft.client.server.IntegratedServer/]: Changing view distance to 5, from 10
[12Jul2026 13:59:03.811] [Server thread/INFO] [net.minecraft.client.server.IntegratedServer/]: Changing simulation distance to 12, from 0
[12Jul2026 13:59:03.831] [Render thread/DEBUG] [io.netty.channel.MultithreadEventLoopGroup/]: -Dio.netty.eventLoopThreads: 24
[12Jul2026 13:59:03.838] [Render thread/DEBUG] [io.netty.util.concurrent.GlobalEventExecutor/]: -Dio.netty.globalEventExecutor.quietPeriodSeconds: 1
[12Jul2026 13:59:03.845] [Render thread/DEBUG] [io.netty.channel.nio.NioEventLoop/]: -Dio.netty.noKeySetOptimization: false
[12Jul2026 13:59:03.846] [Render thread/DEBUG] [io.netty.channel.nio.NioEventLoop/]: -Dio.netty.selectorAutoRebuildThreshold: 512
[12Jul2026 13:59:03.849] [Render thread/DEBUG] [io.netty.util.internal.PlatformDependent/]: org.jctools-core.MpscChunkedArrayQueue: available
[12Jul2026 13:59:03.880] [Render thread/DEBUG] [io.netty.channel.DefaultChannelId/]: -Dio.netty.processId: 23916 (auto-detected)
[12Jul2026 13:59:03.882] [Render thread/DEBUG] [io.netty.util.NetUtil/]: -Djava.net.preferIPv4Stack: false
[12Jul2026 13:59:03.882] [Render thread/DEBUG] [io.netty.util.NetUtil/]: -Djava.net.preferIPv6Addresses: system
[12Jul2026 13:59:03.886] [Render thread/DEBUG] [io.netty.util.NetUtilInitializations/]: Loopback interface: loopback_0 (Software Loopback Interface 1, 0:0:0:0:0:0:0:1)
[12Jul2026 13:59:03.886] [Render thread/DEBUG] [io.netty.util.NetUtil/]: Failed to get SOMAXCONN from sysctl and file \proc\sys\net\core\somaxconn. Default: 200
[12Jul2026 13:59:03.887] [Render thread/DEBUG] [io.netty.channel.DefaultChannelId/]: -Dio.netty.machineId: b8:1e:a4:ff:fe:79:94:1a (auto-detected)
[12Jul2026 13:59:03.931] [Render thread/DEBUG] [io.netty.util.Recycler/]: -Dio.netty.recycler.maxCapacityPerThread: 4096
[12Jul2026 13:59:03.931] [Render thread/DEBUG] [io.netty.util.Recycler/]: -Dio.netty.recycler.ratio: 8
[12Jul2026 13:59:03.931] [Render thread/DEBUG] [io.netty.util.Recycler/]: -Dio.netty.recycler.chunkSize: 32
[12Jul2026 13:59:03.931] [Render thread/DEBUG] [io.netty.util.Recycler/]: -Dio.netty.recycler.blocking: false
[12Jul2026 13:59:03.931] [Render thread/DEBUG] [io.netty.util.Recycler/]: -Dio.netty.recycler.batchFastThreadLocalOnly: true
[12Jul2026 13:59:04.016] [Netty Server IO #1/DEBUG] [net.neoforged.neoforge.network.filters.NetworkFilters/]: Injected net.neoforged.neoforge.network.filters.GenericPacketSplitter@10d08cd1 into net.minecraft.network.Connection@4d1c119
[12Jul2026 13:59:04.021] [Netty Local Client IO #0/DEBUG] [net.neoforged.neoforge.network.filters.NetworkFilters/]: Injected net.neoforged.neoforge.network.filters.GenericPacketSplitter@46d81a34 into net.minecraft.network.Connection@57989da8
[12Jul2026 13:59:04.206] [Netty Server IO #1/DEBUG] [net.neoforged.neoforge.network.filters.NetworkFilters/]: Injected net.neoforged.neoforge.network.filters.GenericPacketSplitter@38814bb3 into net.minecraft.network.Connection@4d1c119
[12Jul2026 13:59:04.243] [Server thread/INFO] [net.minecraft.server.players.PlayerList/]: Dev[local:E:92fd2932] logged in with entity id 1 at (-4.5, -60.0, 9.5)
[12Jul2026 13:59:04.296] [Server thread/INFO] [net.minecraft.server.MinecraftServer/]: Dev joined the game
[12Jul2026 13:59:04.475] [Render thread/INFO] [net.minecraft.advancements.AdvancementTree/]: Loaded 2 advancements
[12Jul2026 13:59:15.393] [Render thread/INFO] [net.minecraft.client.gui.components.ChatComponent/]: [System] [CHAT] Restaurant was created!
[12Jul2026 13:59:17.543] [Render thread/INFO] [net.minecraft.client.gui.components.ChatComponent/]: [System] [CHAT] Base location was set: [-1.0:1.0]
[12Jul2026 13:59:19.196] [Render thread/INFO] [net.minecraft.client.gui.components.ChatComponent/]: [System] [CHAT] Table is inside restaurant!
[12Jul2026 13:59:21.544] [Render thread/INFO] [net.minecraft.client.gui.components.ChatComponent/]: [System] [CHAT] Reception is inside restaurant!
[12Jul2026 13:59:25.830] [Render thread/INFO] [net.minecraft.client.gui.components.ChatComponent/]: [System] [CHAT] Your tables available: 1
[12Jul2026 13:59:25.830] [Render thread/INFO] [net.minecraft.client.gui.components.ChatComponent/]: [System] [CHAT] Your chairs available: 1
[12Jul2026 13:59:25.831] [Render thread/INFO] [net.minecraft.client.gui.components.ChatComponent/]: [System] [CHAT] Restaurant is now open!
[12Jul2026 13:59:29.574] [Render thread/INFO] [net.minecraft.advancements.AdvancementTree/]: Loaded 7 advancements
[12Jul2026 13:59:35.375] [Render thread/INFO] [net.minecraft.advancements.AdvancementTree/]: Loaded 8 advancements
[12Jul2026 13:59:50.945] [Server thread/INFO] [net.minecraft.server.MinecraftServer/]: [Dev: Set the time to 6472]
[12Jul2026 13:59:50.947] [Render thread/INFO] [net.minecraft.client.gui.components.ChatComponent/]: [System] [CHAT] Set the time to 6472
[12Jul2026 14:00:44.079] [Render thread/INFO] [net.minecraft.advancements.AdvancementTree/]: Loaded 11 advancements
[12Jul2026 14:00:57.092] [Server thread/INFO] [net.minecraft.server.MinecraftServer/]: [Dev: Set own game mode to Survival Mode]
[12Jul2026 14:00:57.097] [Render thread/INFO] [net.minecraft.client.gui.components.ChatComponent/]: [System] [CHAT] Set own game mode to Survival Mode
[12Jul2026 14:01:25.298] [Server thread/INFO] [net.minecraft.server.MinecraftServer/]: [Dev: Set own game mode to Creative Mode]
[12Jul2026 14:01:25.300] [Render thread/INFO] [net.minecraft.client.gui.components.ChatComponent/]: [System] [CHAT] Set own game mode to Creative Mode
[12Jul2026 14:01:32.222] [Server thread/INFO] [net.minecraft.client.server.IntegratedServer/]: Saving and pausing game...
[12Jul2026 14:01:32.239] [Server thread/INFO] [net.minecraft.server.MinecraftServer/]: Saving chunks for level 'ServerLevel[test12345678912]'/minecraft:overworld
[12Jul2026 14:01:32.247] [Server thread/INFO] [net.minecraft.server.MinecraftServer/]: Saving chunks for level 'ServerLevel[test12345678912]'/minecraft:the_end
[12Jul2026 14:01:32.247] [Server thread/INFO] [net.minecraft.server.MinecraftServer/]: Saving chunks for level 'ServerLevel[test12345678912]'/minecraft:the_nether
[12Jul2026 14:01:32.249] [Server thread/DEBUG] [net.neoforged.neoforge.common.CommonHooks/WP]: Gathered mod list to write to world save test12345678912
[12Jul2026 14:02:25.390] [Render thread/INFO] [net.minecraft.client.Minecraft/]: Stopping!
[12Jul2026 14:02:25.424] [Server thread/INFO] [net.minecraft.server.network.ServerGamePacketListenerImpl/]: Dev lost connection: Disconnected
[12Jul2026 14:02:25.425] [Server thread/INFO] [net.minecraft.server.MinecraftServer/]: Dev left the game
[12Jul2026 14:02:25.434] [Server thread/INFO] [net.minecraft.server.network.ServerCommonPacketListenerImpl/]: Stopping singleplayer server as player logged out
[12Jul2026 14:02:25.472] [Server thread/INFO] [net.minecraft.server.MinecraftServer/]: Stopping server
[12Jul2026 14:02:25.472] [Server thread/INFO] [net.minecraft.server.MinecraftServer/]: Saving players
[12Jul2026 14:02:25.473] [Server thread/INFO] [net.minecraft.server.MinecraftServer/]: Saving worlds
[12Jul2026 14:02:26.254] [Server thread/INFO] [net.minecraft.server.MinecraftServer/]: Saving chunks for level 'ServerLevel[test12345678912]'/minecraft:overworld
[12Jul2026 14:02:26.266] [Server thread/INFO] [net.minecraft.server.MinecraftServer/]: Saving chunks for level 'ServerLevel[test12345678912]'/minecraft:the_end
[12Jul2026 14:02:26.269] [Server thread/INFO] [net.minecraft.server.MinecraftServer/]: Saving chunks for level 'ServerLevel[test12345678912]'/minecraft:the_nether
[12Jul2026 14:02:26.274] [Server thread/DEBUG] [net.neoforged.neoforge.common.CommonHooks/WP]: Gathered mod list to write to world save test12345678912
[12Jul2026 14:02:26.279] [Server thread/INFO] [net.minecraft.server.MinecraftServer/]: ThreadedAnvilChunkStorage (test12345678912): All chunks are saved
[12Jul2026 14:02:26.279] [Server thread/INFO] [net.minecraft.server.MinecraftServer/]: ThreadedAnvilChunkStorage (DIM1): All chunks are saved
[12Jul2026 14:02:26.279] [Server thread/INFO] [net.minecraft.server.MinecraftServer/]: ThreadedAnvilChunkStorage (DIM-1): All chunks are saved
[12Jul2026 14:02:26.279] [Server thread/INFO] [net.minecraft.server.MinecraftServer/]: ThreadedAnvilChunkStorage: All dimensions are saved
[12Jul2026 14:02:26.290] [Server thread/DEBUG] [net.neoforged.fml.config.ConfigTracker/CONFIG]: Unloading configs type SERVER
